杨勇,副主任医师,心脏内科,西京医院,9.7,277,擅长：先天性心脏病风湿性心脏病冠状动脉粥样硬化性心...,￥50
闻杰,主任医师,内分泌科,复旦大学附属华山医院,9.6,576,擅长：糖尿病及其慢性并发症的综合管理及最新治疗手段精细...,￥300
沈捷,主任医师,心血管专科,上海儿童医学中心,9.9,999,擅长：先天性心脏病的介入治疗以及心律失常、川崎病、肺动...,￥200
魏桂荣,副主任医师,神经内科,华中科技大学附属协和医院西院,9.7,168,擅长：神经内科;①脑血管疾病的诊断、治疗和康复；②治疗...,￥50
任昊,主任医师,肾病中心,南方医科大学南方医院,10.0,30,擅长：各类风湿性疾病的诊治(包括系统性红斑狼疮、类风湿...,￥80
郭保静,副主任医师,心内科,首都医科大学附属北京安贞医院,9.9,80,擅长：小儿心律失常诊治、射频消融；先天性心脏病的介入治...,￥30
杨光,主任医师,肾科门诊,江苏省人民医院,9.9,173,擅长：各种肾炎、肾病和肾功能不全肾衰竭的诊治，尤其疑难...,￥200
吕晓毅,副主任医师,血液科,中国医科大学附属第一医院,10.0,260,擅长：常见、疑难和罕见血液疾病常见血液病：如再生障碍...,￥50
张宇清,主任医师,心内科,中国医学科学院阜外医院,9.8,72,擅长：原发和继发性高血压、难治性高血压，心力衰竭。,￥200
孙虹,副主任医师,神经内科,首都医科大学宣武医院,9.8,99,擅长：帕金森病、青年帕金森病、各种帕金森综合征（包括进...,￥200
刘艳霞,副主任医师,内分泌与代谢病科(河医院区),郑州大学第一附属医院,10.0,4180,擅长：糖尿病及其急慢性并发症，多囊卵巢综合征、肾上腺性...,￥30
樊慧慧,主治医师,贫血科,中国医学科学院血液病医院（血液学研究所）,10.0,69,擅长：再生障碍性贫血，溶血性贫血，骨髓增生异常综合征等...,未开通
张晓猛,副主任医师,风湿免疫科,合肥市第一人民医院,10.0,12328,擅长：类风湿性关节炎、强直性脊柱炎、静脉曲张、风湿性关...,￥45
张林杉,主治医师,内分泌科,复旦大学附属中山医院,10.0,991,擅长： 糖尿病、高血脂、高尿酸血症、肥胖、非酒精性脂肪...,￥99
高莎莎,副主任医师,神经内科(河医院区),郑州大学第一附属医院,10.0,269,擅长：擅长白内障，青光眼，眼外伤的诊断和治疗，熟练...,￥30
高玉霞,主任医师,心脏内科,天津医科大学总医院,10.0,1552,擅长：疑难心血管疾病的诊疗，尤其是高血压、心力衰竭、冠...,￥50
姜珊,主治医师,老年医学科,北京协和医院,,4,擅长：老年常见慢病的诊治，常见老年综合征的管理，如营养...,￥150
杨志梅,主治医师,血液病研究所,北京大学人民医院,10.0,371,擅长：白血病，淋巴瘤，骨髓瘤，骨髓增生异常综合征，再生...,未开通
赖荣陶,副主任医师,门诊感染病,上海交通大学医学院附属瑞金医院,10.0,148,擅长：药物性肝损伤、各类病毒性肝炎、脂肪肝等,￥150
郑汝桦,副主任医师,消化内科,南京鼓楼医院,10.0,2425,擅长：胃肠镜操作，胃肠道疾病内镜下治疗，胆道系统疾病（...,￥25
冯思玮,主治医师,呼吸科,华中科技大学同济医学院附属协和医院,10.0,717,擅长：肺炎，肺结节，肺结核，肺气肿，肺大泡，肺癌，支气...,￥120
徐臣年,主治医师,心脏内科,西京医院,10.0,89,擅长：心脏瓣膜病、先天性心脏病、主动脉夹层动脉瘤，主动...,￥50
陈波,副主任医师,心血管内科,郑州大学附属郑州中心医院,10.0,38582,擅长：高血压、晕厥、冠心病心绞痛、心肌梗死、心律失常、...,￥39
亢园园,主治医师,门诊高血压,上海交通大学医学院附属瑞金医院,10.0,244,擅长：高血压病因筛查，高血压优化治疗，继发性高血压的诊...,￥100
李博,主治医师,心血管内科,浙江大学医学院附属第一医院,10.0,16599,擅长：高血压病、冠心病、心律失常、心力衰竭以及老年性、...,￥35
何晓敏,副主任医师,心血管专科,上海儿童医学中心,10.0,289,擅长：国内率先开展先天性心脏病的微创与美容外科一体化治...,￥30
刘玉建,主治医师,心血管内科,华中科技大学同济医学院附属同济医院,10.0,181,擅长：医学博士自参加工作以来一直从事心内科相关疾病的...,￥30
颜炳柱,主任医师,感染病科,哈尔滨医科大学附属第二医院,10.0,1601,擅长：各种肝病；艾滋病的阻断与暴露；狂犬病的阻断与暴露...,￥40
石治宇,主治医师,心血管内科诊室,哈尔滨医科大学附属第一医院,10.0,11084,擅长：心血管内科诊室类常见疾病,￥10
吴世洪,副主任医师,内科,达州市达川区疾病预防控制中心附属医院,10.0,87596,擅长：内科，儿科常见病多发病及疑难杂症的诊治，态度和善...,￥60
李诗贤,副主任医师,内科,滕州市中医医院,10.0,201114,擅长：内科系统常见病多发病，及疑难杂症的诊疗，对心血管...,￥50
吴双,住院医师,心内科,中国医学科学院阜外医院,,3,擅长：常见心内科相关疾病诊治,￥30
李响,副主任医师,心血管内科,重庆医科大学附属第一医院,10.0,662,擅长：心血管内科常见病治疗,￥30
孟培培,主治医师,消化内科,中国人民解放军联勤保障部队第980医院,10.0,6739,擅长：脑梗塞，脑出血，植物神经功能紊乱，反流性食管炎，...,￥20
朱吉安,主治医师,心血管病科,泰安市中医医院,10.0,7791,擅长：中西医结合治疗心血管系统常见病、多发病，如冠心病...,￥0
刁鸿英,主任医师,心血管内科,吉林大学第二医院,10.0,6625,擅长：冠心病(心绞痛、心肌梗死)、高血压、心律失常、心...,￥30
薛守斌,副主任医师,呼吸科,兰州市第一人民医院,10.0,3686,擅长：慢性阻塞性肺疾病、支气管哮喘、肺部感染性疾病、支...,￥50
逄焕宁,副主任医师,消化内科,吉林市人民医院,10.0,7890,擅长：胃食管反流病、根除幽门螺杆菌、胃肠息肉的治疗；早...,￥30
李忠,主任医师,神经内科,北京市第一中西医结合医院,10.0,1354,擅长：头晕，头痛，震颤，失眠，脑血管病。,￥59
崔燕平,副主任医师,感染科,聊城市人民医院,10.0,1718,擅长：各类病毒性、酒精性、药物性等肝炎、肝硬化、肝癌。...,￥20
何云,主治医师,消化内分泌科,随州市中心医院,10.0,1585,擅长：常见消化内科相关疾病，比如反流性食管炎，胃炎，胃...,￥18
王卓群,主治医师,心内科,天津医科大学总医院,10.0,40,擅长：心内科相关疾病,￥20
任冬梅,副主任医师,内分泌科,中国人民解放军联勤保障部队第九六〇医院,9.9,114771,擅长：糖尿病，甲亢甲减，高血脂，高血压，冠心病，脑梗塞...,￥200
车明文,主治医师,感染科,中国人民解放军新疆军区总医院,10.0,10619,擅长：乙肝，结核等传染性疾病的治疗,￥20
刘泽英,主任医师,呼吸内科,首都医科大学附属北京安贞医院,10.0,88,擅长：哮喘，慢阻肺（慢支、肺气肿），肺间质病，肺栓塞等...,￥150
刘宜平,主治医师,内科,宜昌优抚医院,10.0,342537,擅长：常见内科相关疾病,￥10
苏冬菊,主任医师,呼吸内科,哈尔滨医科大学附属第二医院,10.0,22,擅长：肺部感染性疾病、肺心病、肺癌、支气管哮喘、胸腔积...,￥50
李春媚,副主任医师,肾脏内科,哈尔滨医科大学附属第二医院,,11,擅长：各型肾炎，急慢性肾功不全，尿路感染。,￥50
黄铁群,主任医师,呼吸病门诊,中日友好医院,10.0,1441,擅长：呼吸系统常见病、疑难病和危重病的诊断治疗如肺炎支...,未开通
刘兵城,主任医师,血液内科,中国医学科学院血液病医院（血液学研究所）,9.9,1406,擅长：血液病的诊治，包括血液恶性疾病、骨髓增殖性肿瘤、...,￥200
刘志敏,主任医师,心内科,中国医学科学院阜外医院,9.8,362,擅长：起搏器，ICD，CRT/CRTD植入及随访，心律...,￥200
黄安斌,主任医师,风湿科专家,华中科技大学同济医学院附属协和医院,9.8,1376,擅长：风湿性疾病、风湿性关节炎、自身免疫性疾病、系统性...,￥100
李东杰,副主任医师,老年医学科,中南大学湘雅医院,10.0,103,擅长：前列腺疾病，阳痿早泄，更年期综合征，不育,￥149
张敏敏,主任医师,肾病科,复旦大学附属华山医院,9.8,594,擅长：各类急慢性肾病，糖尿病肾病，慢性肾功能衰竭及尿毒...,￥158
李红,主治医师,消化内科,西京医院,9.8,74,擅长：消化不良，反酸，打嗝，烧心，病毒性肝炎，乙肝，丙...,￥60
施育鹏,主治医师,消化内科,西京医院,9.6,26,擅长：长期从事消化系统疾病诊治的临床工作，主要方向是胃...,￥58
李红,主任医师,心内科,首都医科大学附属北京安贞医院,10.0,406,擅长：高血压、冠心病、心力衰竭长期治疗，心血管急危重症...,￥150
官振标,副主任医师,呼吸内科,上海长海医院,10.0,1466,擅长：肺部良恶性肿瘤的诊断及规范化治疗，慢阻肺、支气管...,￥100
龚建,住院医师,消化内科门诊,中南大学湘雅二医院,9.9,1508,擅长：本人在湘雅二医院从事消化内科工作，擅长胃炎，肠炎...,￥50
程宽,主治医师,心内科,复旦大学附属中山医院,10.0,67,擅长：心内科相关疾病,￥100
许莉军,副主任医师,内分泌与代谢病科门诊,郑州大学第一附属医院,10.0,312,擅长：糖尿病及其急慢性并发症（糖尿病肾病、糖尿病周围神...,￥50
裴颖皓,主治医师,普内科(高级50）,江苏省中医院,10.0,44757,擅长：心力衰竭、呼吸衰竭、肝肾功能不全、重症感染、重症...,￥49
俞晶,主任医师,消化内科,汕头大学医学院第一附属医院,10.0,2642,擅长：炎症性肠病（溃疡性结肠炎，克罗恩病），食道、胃肠...,￥50
谭来勋,主任医师,神经内科,武汉大学人民医院,10.0,8955,擅长：诊治各种神经系统疑难病症；主治各种原因所致失眠，...,￥120
陈芬琴,副主任医师,内分泌科,中国医科大学附属第一医院,10.0,579,擅长：糖尿病内分泌治疗,￥49
王晶,主治医师,内科,山东省立第三医院,10.0,144699,擅长：有丰富的临床经验，擅长内科常见病、多发病的诊疗。,￥100
张琳琳,副主任医师,心内科,首都医科大学附属北京安贞医院,10.0,403,擅长：冠心病、心律失常、高脂血症、高血压,￥50
刘召军,主治医师,呼吸与危重症医学科,上海交通大学医学院附属瑞金医院,10.0,336,擅长：重症医学科的相关疾病，如多脏器衰竭、急性重症胰腺...,￥200
庄严,主治医师,传染科,唐都医院,10.0,2898,擅长：乙肝、丙肝、肝硬化及各种不明原因肝炎、黄疸等，以...,￥50
张文俐,主治医师,心血管内科,上海交通大学医学院附属瑞金医院,10.0,321,擅长：心血管常见病，冠心病、心梗、先天性心脏病、心力衰...,￥43
宋淑萍,主任医师,内分泌科,天津医院,10.0,18015,擅长：糖尿病，甲状腺疾病，痛风，慢病管理常见内科疾病,￥40
陈秀梅,副主任医师,心血管内科,江苏省人民医院,10.0,809,擅长：长新冠后遗症（新冠感染后胸闷、心慌、失眠等不适）...,￥200
关熠,主治医师,肾内科,复旦大学附属华山医院,10.0,174,擅长：肾内科常见疾病,￥48
张爱森,副主任医师,老年内分泌科门诊,江苏省人民医院,10.0,9,擅长：内分泌科常见疾病的诊断与治疗，包括骨质疏松，甲状...,￥30
俞一飞,主治医师,内分泌科,复旦大学附属华山医院,10.0,489,擅长：针对糖尿病、甲状腺疾病、垂体瘤等内分泌疾病有丰富...,￥30
刘士莹,主任医师,干部保健科,天津医科大学总医院,,7,擅长：内分泌，尤其是老年糖尿病，呼吸，感染，心血管疾病...,￥100
蒋叔星,副主任医师,心血管内科,三明市第一医院,10.0,18303,擅长：高血压、高脂血症、冠心病、心律失常、糖尿病、高尿...,￥50
姜林宏,主治医师,感染科,江苏省人民医院,10.0,3997,擅长：艾滋，新冠状病毒感染，梅毒，恐艾，肝炎，水痘，狂...,￥26
高杰,副主任医师,感染病科,哈尔滨医科大学附属第二医院,10.0,1409,擅长：慢性乙肝、丙肝、肝硬化腹水、肝癌、感染性发热、败...,￥50
蒋玲,主任医师,内分泌科,山东大学齐鲁医院,10.0,76,擅长：糖尿病及并发症、骨质疏松症、甲状腺疾病、生长发育...,￥100
汪鹏,主治医师,内科,铜陵市立医院,10.0,148653,擅长：急性化脓性扁桃腺炎、肥胖合并脂肪肝、支气管炎、过...,￥15
董增胜,主治医师,内科,日照市中医医院,10.0,106701,擅长：内科类常见疾病，中医内科妇科男科疾病，如冠心病，...,￥20
朱淑霞,副主任医师,心血管神经内科,武警河北总队医院,,27,擅长：从事心脑血管疾病和老年性疾病25年，对高血压、糖...,￥20
秦胜梅,副主任医师,心内科,复旦大学附属中山医院,9.8,1528,擅长：快速和缓慢心律失常诊治，起搏器植入和随访，心衰的...,￥200
柏愚,副主任医师,消化内科,上海长海医院,9.9,1890,擅长：胃、结肠、胰腺、胆道疾病的内镜诊断与治疗，包括胃...,￥599
蒋进军,主任医师,呼吸内科高级专家门诊,复旦大学附属中山医院,9.7,939,擅长：各种原因导致的肺栓塞、肺高压、肿瘤相关性肺炎、重...,￥380
李连喜,主任医师,内分泌代谢科,上海市第六人民医院,10.0,5226,擅长：肥胖、糖尿病及其并发症、甲亢、甲减、甲状腺炎、甲...,￥279
吴媛媛,副主任医师,过敏反应科,华中科技大学同济医学院附属同济医院,9.8,769,擅长：产前遗传咨询及产前诊断、复发性流产、高危妊娠的临...,￥80
张朝香,主任医师,心内科,首都医科大学附属北京安贞医院,10.0,444,擅长：冠心病、心律失常、心肌炎、心肌病、心力衰竭、高血...,￥100
石亮亮,副主任医师,消化内科,南京鼓楼医院,10.0,2978,擅长：常见消化道疾病的诊断治疗，胃食管反流病，反流性食...,￥25
陈苗,副主任医师,血液内科,北京协和医院,10.0,202,擅长：再生障碍性贫血、骨髓增生异常综合征、溶血性贫血、...,￥300
邵英起,主任医师,血液内科,中国医学科学院血液病医院（血液学研究所）,10.0,343,擅长：长期从事贫血性疾病诊疗工作，对伴有贫血的各种血液...,￥300
徐昶,副主任医师,心血管内科,华中科技大学同济医学院附属同济医院,10.0,806,擅长：冠心病、主动脉夹层及外周动脉血管疾病的诊断和介...,￥38
朱争凤,副主任医师,心内科专家,华中科技大学同济医学院附属协和医院,9.9,551,擅长：心血管内科常见疾病诊断与治疗。,￥50
施均,主任医师,血液内科,中国医学科学院血液病医院（血液学研究所）,9.9,198,擅长：主要研究再生障碍性贫血、骨髓增生异常综合征诊断与...,￥300
朱彤莹,主任医师,肾病科,复旦大学附属华山医院,8.7,119,擅长：腹膜透析及其并发症的诊治；各种原发及继发性肾小球...,￥120
冯一洲,医师,心脏内科,四川大学华西医院,10.0,448,擅长：常见病多发病的诊治及各种血液学检查报告的解读。,￥19
盛滋科,主治医师,门诊感染病,上海交通大学医学院附属瑞金医院,10.0,1283,擅长：发热，呼吸道感染，细菌感染，各种病毒性肝炎,￥70
沈珠军,主任医师,心内科,北京协和医院,10.0,202,擅长：冠心病介入治疗，高血压、高脂血症等心血管疾病诊治...,￥600
陆福明,主任医师,肾内科,复旦大学附属华山医院,9.8,2955,擅长：各种肾炎如IgA肾炎、膜性肾病、狼疮性肾炎治疗。...,￥298
龚凌云,副主任医师,神经内科,复旦大学附属华山医院,10.0,3957,擅长：周围神经病、神经痛、运动神经元病、脊髓病变、脑血...,未开通
郭涛,副主任医师,消化内科,北京协和医院,9.9,147,擅长：早期胃癌，幽门螺杆菌感染，胰腺疾病，结肠息肉，炎...,￥300
郑洋洋,主治医师,消化内科,西京医院,9.9,692,擅长：1.各种肝病包括病毒性肝炎、自身免疫性肝炎、肝癌...,￥60
郭涛,主任医师,血液科专家,华中科技大学同济医学院附属协和医院,10.0,86,擅长：噬血细胞综合征，白血病，淋巴瘤，骨髓瘤；擅长血小...,￥100
范学工,主任医师,感染病科,中南大学湘雅医院,9.8,23,擅长：各类肝脏疾病，特别是病毒性肝炎的诊断与治疗。,￥600
邓钰蕾,主任医师,门诊神内,上海交通大学医学院附属瑞金医院,9.9,678,擅长：癫痫等发作性疾病、老年性痴呆、头痛、睡眠障碍、脑...,￥300
李敏,主任医师,心内科,首都医科大学附属北京安贞医院,10.0,1090,擅长：心内科类常见疾病，冠心病，心律失常，房颤，房早，...,￥200
罗庆志,主治医师,心血管内科,上海交通大学医学院附属瑞金医院,10.0,170,擅长：室上速，早搏，房扑房颤等快速型心律失常消融治疗，...,￥50
周绪杰,副主任医师,肾内科,北京大学第一医院,10.0,33,擅长：IgA肾病遗传性肾脏病肾小球肾炎,￥200
温华,副主任医师,呼吸内科,中国医科大学附属第一医院,10.0,171,擅长：急性上呼吸道感染、慢阻肺、支气管哮喘、支气管扩张...,￥50
徐晓刚,主任医师,感染门诊,复旦大学附属华山医院,9.9,548,擅长：肺炎、尿路感染、脑膜炎等常见感染性疾病的诊断及治...,￥198
吴庆军,主任医师,风湿免疫科,北京协和医院,9.9,1808,擅长：诊治系统性红斑狼疮、干燥综合征、类风湿关节炎、脊...,未开通
李群,副主任医师,肾脏病,浙江大学医学院附属第一医院,10.0,355,擅长：慢性肾小球肾炎、IgA肾病、狼疮性肾炎、慢性肾功...,￥60
陈希婧,副主任医师,生殖高年专家,浙江大学医学院附属妇产科医院,10.0,2586,"擅长：女性不孕症、妇科内分泌疾病诊治及辅助生育,熟练掌...",￥50
张琪,主任医师,神经内科,天津市静海区医院,10.0,5922,擅长：脑血管病、神经肌肉病、神经退行性疾病、神经内科等...,￥50
冯高科,副主任医师,心血管内科,武汉大学人民医院,9.9,373,擅长：疾病诊治擅长：高血压病、冠心病、心衰、心律失常、...,￥59
刘宏磊,副主任医师,门诊风湿免疫,上海交通大学医学院附属瑞金医院,10.0,1115,擅长：抗磷脂综合症(相关习惯性流产、胎停及多发血栓)...,￥149
霍亚平,主任医师,肾病科,山西省中医院,10.0,3473,擅长：治疗泌尿系炎症、过敏性紫癜性肾炎、IgA肾病、肾...,￥15
吴祖波,主治医师,儿童风湿免疫专科,华中科技大学同济医学院附属协和医院,10.0,403,擅长：心血管、呼吸、消化系统等儿童常见病及多发病。,￥36
肖宜超,主治医师,心血管内科门诊,中南大学湘雅二医院,9.9,60,擅长：长期从事心血管内科疾病诊治，尤其熟悉介入心脏病学...,￥200
马希英,副主任医师,普内科,广东省人民医院,10.0,1299,擅长：1、糖尿病、甲状腺机能亢进、痛风、高血脂及慢性...,￥40
徐鹃鹃,副主任医师,感染科,天津医科大学总医院,9.9,3066,擅长：新冠病毒肺炎，发热，病毒性肝炎，狂犬病，疫苗接种...,￥48
杨月,主治医师,呼吸内科诊室,哈尔滨医科大学附属第一医院,10.0,105,"擅长：呼吸内科常见病包括肺炎,慢性阻塞性肺疾病,支气管...",￥66
陈立颖,主任医师,心内科,首都医科大学附属北京安贞医院,10.0,16,擅长：冠心病、高血压临床治疗；心血管重症疾病的临床诊断...,￥200
刘志杰,主任医师,普内科,山东青岛中西医结合医院,10.0,3575,擅长：中西医结合防治高血压、糖尿病、高血脂、高尿酸血症...,￥50
何飞,主任医师,呼吸内科,杭州市红十字会医院,10.0,720,擅长：1.慢性呼吸道疾病诊治，如慢性咳嗽、哮喘、慢阻肺...,￥25
白玉焕,副主任医师,消化内科,聊城市第二人民医院,10.0,16674,擅长：消化内科常见疾病及疑难杂症的诊断及治疗，肝病及肠...,￥30
窦爱霞,主任医师,血液内科,山东大学第二医院,10.0,349,擅长：白血病、淋巴瘤、骨髓瘤等血液肿瘤的诊断与治疗，针...,￥30
薛骏,主任医师,肾病科,上海华山医院宝山院区（原华山北院）,9.7,844,擅长：疑难血管通路的建立、急性、慢性肾小球肾炎；间质性...,￥100
王一倩,主任医师,消化内科,复旦大学附属华东医院,10.0,4393,擅长：消化内科疾病的诊治，如幽门螺杆菌感染的治疗，慢性...,￥70
王亮,副主任医师,心血管内科门诊,江苏省人民医院,10.0,493,擅长：冠心病、高血压、高脂血症、心力衰竭、心律失常药物...,￥20
杨爽,主任医师,心血管内科,河北省人民医院,10.0,2094,擅长：老年病的诊治，如冠心病、高血压、心律失常、心力衰...,￥50
李雯娜,副主任医师,心脏内科,中国医科大学附属第一医院,10.0,86,擅长：擅长冠心病(心绞痛、急性心肌梗死)，高血压(难治...,￥100
黄洪锋,主任医师,肾脏病中心门诊,浙江大学医学院附属第一医院,10.0,695,擅长：肾移植,￥50
陈盛,副主任医师,脉管瘤门诊,上海儿童医学中心,10.0,2048,擅长：微创治疗儿童腹股沟疝、鞘膜积液、生殖器疾病、先天...,￥49
陈凤欣,主任医师,感染科,北京地坛医院,10.0,773,擅长：各种类型肝炎（含乙肝、丙肝、甲肝、戊肝、脂肪肝等...,￥100
李鑫,主任医师,感染科,北京地坛医院,10.0,530,擅长：新冠肺炎、各种肝炎、肝硬化、肝衰竭、感染性疾病及...,￥200
董民,主任医师,感染疾病科,枣庄市立医院,10.0,2528,擅长：常见感染肝病相关疾病，感染性疾病诊治,￥50
赵桂鸣,主任医师,内科,天津市第二人民医院,9.9,1593,擅长：长期从事急、慢性肝炎、肝硬化和肝癌等肝脏疾病的临...,￥50
孙超,副主任医师,心血管科门诊-起搏器随访门诊,北京大学第三医院,10.0,167,擅长：1）心律不齐、心动过缓、心动过速、早搏、房颤等心...,￥200
姚雪艳,主任医师,心血管内科,浙江大学医学院附属第一医院,10.0,246,擅长：能较好地根据循证医学知识指导临床实践。能明智、清...,￥30
黄益澄,副主任医师,感染病科,浙江省人民医院,10.0,5285,擅长：各种肝病（包括各种病毒性肝炎，药物性肝炎，酒精性...,￥39
谢运,主治医师,心脏内科,上海交通大学医学院附属瑞金医院,10.0,80,擅长：房颤房扑，早搏，室上速等快速性心律失常的综合治疗...,￥50
宫克旭,主任医师,心血管内科,天津市静海区医院,10.0,2872,擅长：冠心病（心绞痛、心肌梗死），高血压病，心律失常，...,￥20
杨友,副主任医师,行为障碍,上海儿童医学中心,9.9,2860,擅长：儿童孤独症谱系障碍、注意缺陷多动障碍、抽动障碍、...,￥280
刘凌波,主任医师,血液科专家,华中科技大学同济医学院附属协和医院,9.6,226,擅长：髓系血液细胞生成与发育异常性疾病的诊治：（1）髓...,￥60
俞小芳,副主任医师,肾病科,复旦大学附属中山医院,9.9,2161,擅长：血尿，蛋白尿，慢性肾小球肾炎，尤其是模性肾病，遗...,￥200
张鹏,主任医师,肾病内科,西京医院,10.0,2009,擅长：IgA肾病、肾病综合征、膜性肾病、紫癜性肾炎、...,￥200
曹文杰,副主任医师,神经内科,复旦大学附属华山医院,9.9,1704,擅长：擅长脑中风的诊断与治疗，脑血管病介入治疗，颈动脉...,￥398
夏军权,主任医师,消化科,固生堂南京宁西分院,9.9,1172,擅长：消化科相关疾病,￥100
刘丰,副主任医师,结肠炎专科,广东省中医院大德路总院,8.9,1352,擅长：内科杂病，尤其擅长中西医结合诊治慢性结肠炎、胃炎...,￥80
王忱,主任医师,内科,天津和平微医医院,9.9,194,擅长：各种乳腺癌的化疗、内分泌治疗及分子靶向治疗以及临...,￥100
方艺,主任医师,肾病科,复旦大学附属中山医院,9.9,1011,擅长：急性肾损伤的防治，慢性肾脏疾病的早期防治和筛检，...,￥200
马骏,主任医师,抽动症,上海儿童医学中心,9.8,271,擅长：医学博士，主任医师，教授，上海交通大学医学院硕士...,￥500
井丽萍,副主任医师,血液内科,中国医学科学院血液病医院（血液学研究所）,9.9,107,擅长：红细胞疾病、出凝血疾病的临床诊疗，尤其是再生障碍...,￥150
赵成,副主任医师,风湿免疫科,南京鼓楼医院,10.0,619,擅长：类风湿关节炎，系统性红斑狼疮，强直性脊柱炎,￥120
马祖福,副主任医师,肾病内科,华中科技大学同济医学院附属同济医院,9.4,23,擅长：原发性和继发性肾脏疾病（如慢性肾小球肾炎、IgA...,￥90
郭伏平,副主任医师,感染内科,北京协和医院,9.5,110,擅长：各种感染性疾病、不明原因发热、肝炎、艾滋病等方面...,￥120
赖凌云,副主任医师,肾病科,复旦大学附属华山医院,9.7,271,擅长：20年原发和继发性肾病的诊断和治疗经验，擅长Ig...,￥100
陈波斌,主任医师,血液科,复旦大学附属华山医院,9.9,1512,擅长：擅长于各种疑难淋巴瘤、骨髓瘤、白血病、贫血、血小...,￥200
徐琳,主治医师,神经内科,天津医科大学总医院,10.0,141,擅长：脑梗死及脑缺血性疾病、癫痫、失眠、发作性睡病、日...,￥40
范庭涛,主治医师,呼吸内科,三明市第一医院,10.0,1873,擅长：呼吸系统疾病，包括上呼吸道感染、急慢性咳嗽、急性...,￥15
桑迎竹,主治医师,呼吸科,甘肃省人民医院,10.0,1027,擅长：比较擅长呼吸科常见病、多发病、疑难杂症等病的诊断...,￥30
李志荃,主任医师,感染性疾病科,寿光市人民医院,10.0,1791,擅长：各类感染性疾病，包括病毒性肝炎，水痘，麻疹，手足...,￥30
韩小梅,副主任医师,神经内科,天津市第四中心医院,10.0,684,擅长：脑血管病、头痛、眩晕、多发性硬化、帕金森病、痴呆...,￥20
李明,副主任医师,消化内科,武汉大学人民医院,10.0,21,擅长：功能性胃肠病、消化性溃疡、腹水、消化系统肿瘤、肝...,￥30
李耀东,主任医师,消化内科,德阳市人民医院,10.0,5,擅长：擅长食管癌、胃癌、结肠癌、肝癌、胰腺癌临床诊治，...,￥26
朱慧敏,主治医师,肾内科,天津市第五中心医院,,8,擅长：肾内科相关疾病,￥20
张海波,主治医师,大内科,株洲430医院,10.0,203608,擅长：内科的常见病，多发病的诊断与治疗。如高血压病，糖...,￥10
张松菁,主任医师,内分泌科,福建医科大学附属第一医院,10.0,455,擅长：骨质疏松症、糖尿病、甲状腺疾病、生长发育等内分泌...,￥50
白广同,主治医师,呼吸内科,济宁市兖州区中医医院,10.0,154332,擅长：呼吸内科常见病的诊治，包括感冒、扁桃体炎、咽喉炎...,￥20
李佳佳,主治医师,普通内科,丽水微医互联网医院,10.0,49275,擅长：内科常见疾病,￥15
胡晓蔚,副主任医师,心内科,黄山市人民医院,,1,擅长：简介胡晓蔚，男，1981年生2006年毕业于安徽...,￥50
都海燕,副主任医师,消化内科,晋城煤业集团总医院,,1,擅长：消化内科方面的常见疾病。,￥40
李建飞,副主任医师,心血管内科,内蒙古自治区人民医院,,715,擅长：心血管内科的相关疾病,￥160
李善群,主任医师,呼吸内科,复旦大学附属中山医院,9.3,1420,擅长：1、慢阻肺康复及鼾症的诊治；2、气管支气管炎、肺...,￥350
田锐,主任医师,心内科,首都医科大学附属北京安贞医院,,16,擅长：心律失常、冠心病、介入治疗。,￥200
任学军,主任医师,心内科,首都医科大学附属北京安贞医院,,5,擅长：心脏起搏与电生理射频消融治疗，心律失常的诊断与治...,￥200
王晓琴,主任医师,呼吸内科,淮北市人民医院,10.0,198572,擅长：高血压，高脂血症，高尿酸血症，冠心病，扩张性心肌...,￥60
于世龙,主任医师,名医心内,华中科技大学同济医学院附属协和医院,9.9,623,擅长：冠心病、高血压、心律失常、血脂异常、胸痛、心悸,￥100
周朝晖,主任医师,消化科,复旦大学附属中山医院,9.9,1480,"擅长：1、各种类型的肝病的诊治,包括急,慢性肝炎,脂肪...",￥300
刘向阳,副主任医师,内分泌科,西京医院,10.0,672,擅长：糖尿病、肥胖症、痛风、高尿酸血症及相关并发症的诊...,￥300
毛日成,副主任医师,感染科,上海华山医院宝山院区（原华山北院）,9.9,118,擅长：感染发热的相关疾病,￥150
陈小东,主任医师,呼吸科,复旦大学附属华山医院,9.7,1219,擅长：肺部结节、肺癌、慢性咳嗽、哮喘、慢阻病、肺纤维化...,￥500
卢新政,主任医师,心血管内科门诊,江苏省人民医院,10.0,2470,擅长：各类心脏病的诊治，尤其是高血压病、冠心病、高血脂...,￥200
潘洁敏,副主任医师,内分泌代谢科,上海市第六人民医院,9.9,308,"擅长：肥胖及代谢综合征的综合管理，糖尿病的个体化治疗,...",￥100
刘凤芹,副主任医师,内科,南方医科大学南方医院,10.0,22014,擅长：糖尿病、高血压血脂异常、高尿酸血症、骨质疏松症、...,￥50
潘超,主治医师,神经内科,华中科技大学同济医学院附属同济医院,10.0,637,擅长：脑梗死，脑出血，周围神经病，抑郁焦虑，癫痫，帕金...,￥99
沈雳,主任医师,心内科高级专家门诊,复旦大学附属中山医院,9.9,838,擅长：心绞痛诊疗，冠心病介入治疗、顽固性高血压的治疗...,￥488
宿燕岗,主任医师,心内科高级专家门诊,复旦大学附属中山医院,9.3,446,擅长：心力衰竭、心脏起搏诊治,￥300
李航,主任医师,肾内科,北京协和医院,10.0,606,擅长：慢性肾炎，IgA肾病，膜性肾病，狼疮性肾炎，糖尿...,￥400
杨晓,主任医师,肾内科专家,华中科技大学附属协和医院西院,9.9,835,擅长：肾脏病、原发性肾小球疾病、继发性肾小球疾病、狼疮...,￥80
吴道香,主治医师,血液科门诊,北京大学首钢医院,10.0,6185,擅长：各种血液病诊断和治疗，尤其是急性白血病，多发性骨...,￥20
赖朝辉,副主任医师,心内科,天津市第三中心医院,10.0,6940,擅长：心内科相关疾病，如冠心病、心肌病、心力衰竭、高血...,￥39
申建凯,主任医师,血液内科门诊,中南大学湘雅二医院,9.9,321,擅长：疑难血液病诊断及淋巴细胞肿瘤为主的恶性血液病,￥150
李宪乔,主治医师,肾内科,胜利油田中心医院,10.0,2427,"擅长：常见肾病内科疾病诊治,常见肾脏病相关症状(水肿、...",￥60
魏兵,副主任医师,消化内科,桂林医学院附属医院,10.0,2213,擅长：消化内科常见病多发病诊治。全科医学相关疾病以及旅...,￥68
王仕宝,主治医师,神经内科,天水市中医医院,10.0,7627,擅长：神经内科的相关疾病头痛（偏头痛，紧张性头痛，丛...,￥5
王家旭,主治医师,消化内科,南宁市第一人民医院,10.0,7612,擅长：胃肠镜检查以及胃肠镜下多种疾病的治疗。擅长消化道...,￥30
王凯,副主任医师,心内科,鸡西市中医院,10.0,280,擅长：擅长冠状病毒感染冠状病毒肺炎心血管内科常见疾...,￥20
李健洪,主任医师,心内科,清远市人民医院,10.0,86,擅长：在冠心病、高血压、心力衰竭、高血脂等心血管常见病...,￥38
乐湘华,主治医师,消化内科,中国人民解放军第928医院,9.9,16900,擅长：熟悉消化道常见疾病如胃炎、肝炎，乙肝，十二指肠炎...,￥30
杜丽,主治医师,消化科,华中科技大学同济医学院附属协和医院,,4,擅长：肝胆疾病、胃病、肠病、肝硬化、腹水,￥50
李博,主治医师,呼吸内科,甘肃省武威肿瘤医院,10.0,209,擅长：感冒、发烧、气管炎、哮喘、结核、肺炎、肺栓塞、支...,￥20
赵汝星,副主任医师,内分泌科,山东大学齐鲁医院,10.0,12,擅长：内分泌与代谢性疾病,￥129
梁少兰,副主任医师,心血管内二科,广东省第二人民医院,10.0,138,擅长：心律失常的诊治，尤其心房颤动、心力衰竭的诊治。心...,￥50
程鹏,主任医师,消化内科(河医院区),郑州大学第一附属医院,,2,擅长：擅长消化系统疾病诊治，特别对各种...,￥50
蒲鹏,副主任医师,心血管内科,重庆医科大学附属第一医院,10.0,4,擅长：冠心病，高血压，心力衰竭及心血管疑难危重症,￥50
柳青,副主任医师,神经科,北京协和医院,9.8,179,擅长：脑血管病，癫痫，睡眠障碍，运动神经元病，家族遗传...,￥600
杨虹波,副主任医师,心内科,复旦大学附属中山医院,10.0,53,擅长：冠心病介入治疗，心血管影像学及功能生理学评估,￥199
钱云,主任医师,老年医学科门诊,江苏省人民医院,10.0,2156,擅长：神经内科、老年科常见病多发病诊治,￥100
张广文,主治医师,消化内科,西京医院,9.9,299,擅长：消化内科急危重症，消化道出血，肝硬化，门脉高压，...,￥50
彭再梅,主任医师,呼吸内科门诊,中南大学湘雅二医院,9.9,702,擅长：肺部结节、肺炎、肺肿瘤、支气管哮喘及慢性阻塞性肺...,￥168
陈浩,主治医师,过敏反应科,华中科技大学同济医学院附属同济医院,10.0,167,擅长：过敏性鼻炎、哮喘、过敏性结膜炎、荨麻疹/血管性水...,￥20
刘强,副主任医师,肾内科,中国医科大学附属第一医院,10.0,1653,擅长：IgA肾病，膜性肾病，糖尿病肾病，痛风性肾病，高...,￥60
匡鼎伟,副主任医师,肾病科,复旦大学附属华山医院,9.9,1266,擅长：各类慢性肾小球肾炎、各种类型肾病综合征、IgA肾...,￥158
张祥,副主任医师,神经内科,复旦大学附属华山医院,9.9,4151,擅长：脱髓鞘疾病(视神经脊髓炎，多发性硬化，中枢神经系...,￥200
李洋,副主任医师,贫血科,中国医学科学院血液病医院（血液学研究所）,10.0,719,擅长：白血病，再生障碍性贫血，缺铁性贫血，骨髓增生异常...,￥200
贺春晖,主治医师,心内科,中国医学科学院阜外医院,9.9,407,擅长：冠心病，高血压，血脂代谢异常，心律失常的诊治,￥200
柳叶,主治医师,神经内科,复旦大学附属华山医院,10.0,917,擅长：脑血管病方向（脑梗死，脑出血，腔梗，脑小血管病）,￥70
谢万灼,主任医师,血液病科,浙江大学医学院附属第一医院,10.0,1022,擅长：血液病科常见疾病,￥50
赵连江,主任医师,内科,潍坊市第二人民医院,10.0,58244,擅长：中西医结合治疗肺部疾病及心脑血管疾病，尤其擅长肺...,￥5
吴斌,住院医师,神经内科,复旦大学附属华山医院,,2,擅长：神经内科的相关疾病,￥100
蒋伏松,主任医师,内分泌代谢科,上海市第六人民医院东院(临港),10.0,1515,擅长：糖尿病急性并发症、甲状腺功能亢进及甲状腺相关眼病...,￥100
陈勇,主任医师,消化内科,福建省立医院,10.0,1432,擅长：对消化系常见病和多发病如慢性胃炎、幽门螺杆菌感染...,￥50
陈芳芳,副主任医师,感染科,甘肃省第二人民医院,10.0,3812,擅长：病毒性肝炎、肝硬化及其并发症的治疗。艾滋病及其他...,￥20
张炎,副主任医师,血液内科,北京协和医院,9.4,26,擅长：淋巴瘤，骨髓瘤，白血病，再生障碍性贫血等各种血液...,未开通
陈萌,主治医师,呼吸内科,洛阳市中心医院,10.0,6762,擅长：呼吸道感染、慢性阻塞性肺病、肺气肿、支气管哮喘、...,￥39
路美娟,副主任医师,心血管内科A,天津中医药大学第二附属医院,10.0,1358,擅长：中西医治疗冠心病，心绞痛，心律失常，心衰，高血压...,￥20
孙鲁生,主治医师,综合内科,秦皇岛市第一医院,10.0,11491,擅长：秦皇岛市第一医院内科主治医师，尤为擅长冠心病的临...,￥20
李静,主任医师,老年综合内科二,哈尔滨医科大学附属第二医院,10.0,15,擅长：老年心脑血管病，高血压，老年糖尿病，骨质疏松，认...,￥50
罗晓洲,副主任医师,心内科,莘县人民医院,10.0,29869,擅长：心内科常见疾病,￥15
郝玉明,主任医师,心血管内科,河北医科大学第二医院,10.0,15,擅长：心血管疾病的诊断和治疗,￥100
刘乐明,主治医师,普内科,南昌大学第一附属医院,10.0,1088,擅长：冠心病、高血压、心律失常、高脂血症等心血管内科疾...,￥20
李六生,主任医师,肾内科,宜昌市第一人民医院,10.0,3757,擅长：慢性肾功能衰竭、狼疮肾炎、原发性肾病综合征、...,￥30
石建邦,副主任医师,呼吸科,九江市第一人民医院,10.0,1250,擅长：呼吸内科常见疾病,￥30
赵文,主任医师,干部保健科,天津医科大学总医院,10.0,64,擅长：老年病、脑血管病、癫痫、认知功能障碍等神经系统疾...,￥30
王洪永,副主任医师,内分泌二科,泰安市中医医院,10.0,3638,擅长：泰安市中医医院内分泌二科副主任医师,￥0
廖彬,副主任医师,呼吸科,九江市第一人民医院,10.0,3174,擅长：感染性疾病特别是肺部感染的诊治，慢阻肺、呼吸衰竭...,￥15
黄强,副主任医师,心血管内科,丽水微医互联网医院,10.0,128512,擅长：中西医结合治疗心脑血管疾病，冠心病，心绞痛，高血...,￥30
罗萍艳,主治医师,内分泌科,贵州医科大学附属医院,10.0,17195,擅长：内分泌，糖尿病，肥胖，口腔溃疡，焦虑，减肥，甲亢...,￥5
贺慧鹏,副主任医师,消化内科,中南大学湘雅医学院附属株洲医院,10.0,183625,擅长：对消化内科疾病和内镜下疾病的诊治方面有特长。慢性...,￥50
邵菲菲,主治医师,内分泌糖尿病科,甘肃省人民医院,9.9,9195,擅长：糖尿病、甲亢、甲减、甲状腺结节、库欣综合征、矮小...,￥21
高峰,主任医师,内分泌科专家,华中科技大学同济医学院附属协和医院,10.0,4516,擅长：身材矮小症、肥胖症、肥胖型糖尿病、甲状腺疾病等,￥100
邵凌云,主任医师,感染发热,复旦大学附属华山医院,9.7,654,擅长：专长发热待查、中枢神经系统感染、泌尿系统感染、E...,￥150
黄宗文,主任医师,消化内科专科门诊(温江),四川大学华西医院,9.9,3848,擅长：中西医结合治疗重症急性胰腺炎、肠梗阻、胃肠动力障...,￥80
刘艳,副主任医师,遗传性神经肌肉病,华中科技大学同济医学院附属同济医院,9.9,935,擅长：儿科神经系统疾病如儿童脑发育迟缓、脑性瘫痪、儿童...,￥60
崔乐,主治医师,变态反应科,北京协和医院,10.0,680,擅长：过敏性鼻炎、咳嗽、哮喘、荨麻疹、湿疹、皮肤过敏、...,￥100
李谦,副主任医师,感染发热,复旦大学附属华山医院,9.8,133,擅长：发热待查、疑难感染性疾病以及慢性肝病的鉴别诊断与...,￥200
汤荟冬,主任医师,门诊神内,上海交通大学医学院附属瑞金医院,9.8,305,擅长：记忆力减退、癫痫,￥200
周红梅,主任医师,肺高压门诊,武汉亚洲心脏病医院,9.9,1420,擅长：各类简单、复杂先天性心脏病的诊断、评估及治疗方案...,￥30
张静,副主任医师,消化内科,西京医院,9.9,142,擅长：消化内科相关疾病,￥60
杨珍,副主任医师,过敏免疫科,上海儿童医学中心,9.9,1788,擅长：对小儿常见疾病、及小儿内科、小儿过敏免疫等疾病的...,￥150
吴亚哲,主任医师,心内科,中国医学科学院阜外医院,9.9,761,擅长：心血管疾病，各种高血压、难治性高血压和继发性高血...,￥200
苏欣,主任医师,内分泌科门诊,中南大学湘雅二医院,9.9,837,擅长：糖尿病、肾上腺疾病、甲状腺疾病、性腺及垂体疾病、...,￥30
钱卫冲,主任医师,心血管内科门诊,江苏省人民医院,9.9,1076,擅长：对高血压病、血脂异常、冠心病心绞痛心肌梗塞、心律...,￥50
马剑英,主任医师,心内科高级专家门诊,复旦大学附属中山医院,8.9,362,擅长：冠心病介入治疗复杂冠心病介入治疗冠脉闭塞病变介入...,￥300
杨阳,副主任医师,心内科,北京儿童医院,10.0,609,擅长：小儿先心病动脉导管，房间隔缺损，室间隔缺损等的介...,￥50
戴艳,副主任医师,肾病科,复旦大学附属中山医院,10.0,953,擅长：糖尿病肾病，高血压肾病，肾脏疾病高尿酸血症等一体...,￥120
权薇薇,副主任医师,门诊心脏,上海交通大学医学院附属瑞金医院,10.0,1888,擅长：于冠心病、高血压病、心律失常、心力衰竭、心肌病、...,￥400
高波涛,副主任医师,先天性心脏瓣膜疾病,上海儿童医学中心,10.0,842,擅长：各类小儿先天性心脏病的外科治疗。包括简单先心病如...,￥80
王启贤,主任医师,心脏内科,昆明医科大学第一附属医院,10.0,10817,擅长：心血管病临床及冠心病及先天性心脏病介入诊治，高血...,￥150
孙海霞,副主任医师,心内科,首都医科大学附属北京安贞医院,10.0,320,擅长：心内科、动脉硬化高脂血症、高血压、冠心病的治疗。,￥60
阎嶂松,副主任医师,血液内科,中国医学科学院血液病医院（血液学研究所）,10.0,172,擅长：从事血液系统疾病的临床诊断和治疗、造血干细胞移植...,￥100
孙秀娟,副主任医师,血液内科,中国医学科学院血液病医院（血液学研究所）,10.0,286,擅长：血液学研究再生障得性贫血，缺铁性贫血，骨增生异常...,￥100
胡耐博,副主任医师,血液内科,中国医学科学院血液病医院（血液学研究所）,10.0,15,擅长：白血病，再生障碍性贫血，骨髓增生异常综合征等疾病...,￥100
王彦丽,副主任医师,肝炎门诊,中国医科大学附属第一医院,10.0,573,擅长：各种肝病，包括病毒性肝炎，肝硬化，重症肝病及各种...,￥69
李正良,主任医师,消化内科,西安交通大学第一附属医院,9.9,3583,擅长：消化内科疾病与感染性疾病的诊断与治疗;特别是对各...,￥15
李建平,副主任医师,血液内科,中国医学科学院血液病医院（血液学研究所）,9.9,101,擅长：各种类型贫血，再生障碍性贫血，溶血性贫血，纯红细...,￥80
刘琦,主治医师,心脏内科,四川大学华西医院,10.0,10,擅长：心脏内科的相关疾病,￥99
高路,副主任医师,心血管内科(河医院区),郑州大学第一附属医院,10.0,137,擅长：郑州大学第一附属医院心血管内科(河医院区)副主任...,￥30
翟光耀,副主任医师,心内科,首都医科大学附属北京安贞医院,,6,擅长：复杂冠心病的微创介入手术(修复血管而无支架植入)...,￥300
卢联合,主任医师,感染科,北京地坛医院,10.0,12,擅长：各种肝病，艾滋病，感染性疾病。,￥125
张清芬,主任医师,心血管内科,河北省人民医院,10.0,8437,擅长：高血压、冠心病、心衰心律失常心血管神经症,￥50
郭公新,主任医师,消化科,解放军总医院第五医学中心（原307医院）,10.0,16708,擅长：消化内镜下的诊断和治疗、如內镜下止血、息肉的切除...,￥100
朱小明,主治医师,内分泌科,复旦大学附属华山医院,10.0,1063,擅长：血糖的精细化和个体化管理、肥胖症的鉴别诊断和治疗...,￥99
任丽媛,副主任医师,内分泌科,大连市友谊医院,10.0,17267,擅长：糖尿病饮食运动指导、糖尿病血糖精细调节、胰岛素泵...,￥25
徐鹤翔,副主任医师,感染性疾病门诊,合肥市第一人民医院,10.0,3182,擅长：各种细菌、病毒、真菌、寄生虫等感染性疾病及传染病...,￥25
李晶,主任医师,内分泌科,吉化集团公司总医院,10.0,7099,擅长：糖尿病及其各种并发症，高血压，甲状腺疾病～～甲亢...,￥30
魏永罡,副主任医师,呼吸科,兰州市第一人民医院,10.0,11140,擅长：对呼吸系统疾病如肺部感染、肺恶性肿瘤、支气管哮喘...,￥15
张强,主治医师,消化内科,山东省立第三医院,10.0,51218,擅长：熟练掌握消化科常见病、多发病的诊疗，在食管胃肠肝...,￥50
邵暄茗,主治医师,呼吸内科,大连市中西医结合医院,10.0,859,"擅长：呼吸内科疾病的诊治,尤其是慢阻肺、哮喘、肺癌",￥30
周珊珊,副主任医师,神经内科诊室,哈尔滨医科大学附属第一医院,10.0,423,擅长：神经内科常见，多发疾病，主要包括脑血管病，脑梗死...,￥39
张传英,副主任医师,内分泌科,天津市武清区中医医院,10.0,15195,擅长：糖尿病，糖尿病并发症，甲状腺疾病，呼吸系统疾病，...,￥10
杨俊峰,副主任医师,神经内科,天津医科大学总医院,10.0,434,擅长：天津医科大学总医院神经内科主治医师，擅长帕金森病...,￥60
刘金殿,副主任医师,消化肝病科,甘肃省武威肿瘤医院,10.0,928,擅长：消化内科疾病的诊断与治疗，掌握熟悉消化内镜的基本...,￥30
胡颖,主治医师,神经内科门诊(绩溪路),安徽医科大学第一附属医院绩溪路院区,10.0,1992,擅长：神经内科常见疾病的诊治,￥20
成嘉,主治医师,呼吸内科,甘肃省第二人民医院,10.0,179,擅长：新冠感染，新冠肺炎救治工作，肺部阴影、小结节，上...,￥10
周逸婵,副主任医师,老年消化内科门诊,江苏省人民医院,10.0,342,擅长：老年性消化疾病的诊治，对老年性胃食管反流、慢性萎...,￥30
薛娥,副主任医师,内科门诊,淮安市妇幼保健院,10.0,5168,擅长：对内科常见病多发病的诊断和治疗，如：呼吸道感染、...,￥50
刘奔,主治医师,呼吸内科(内科新冠门诊),中南大学湘雅医院,9.9,117,擅长：呼吸及急诊常见疾病,￥199
张煜,主任医师,心血管科,复旦大学附属华东医院,9.9,426,擅长：冠心病、高血压病、各种心律失常、心功能不全、瓣膜...,￥50
王洪波,主任医师,消化内科,山东省立医院,9.9,158,擅长：消化系统疾病介入治疗，对反流性食管炎、消化性溃疡...,￥50
岳华,主任医师,肾病科,新疆维吾尔自治区人民医院,10.0,430,"擅长：肾病科常见病，多发病，各类急慢性肾脏疾病,继发性...",￥30
宋立军,主任医师,风湿科,山东大学齐鲁医院,10.0,71,擅长：常见和疑难风湿性疾病的诊断与治疗，系统性红斑狼疮...,￥100
夏效升,主治医师,血液内科,西京医院,10.0,234,擅长：血液内科相关疾病,￥10
曾敬清,主治医师,消化科,上海儿童医学中心,10.0,2138,擅长：常见儿童消化科相关疾病：腹泻，便秘，消化不良，幽...,￥86
易俊,住院医师,消化内科(内科新冠门诊),中南大学湘雅医院,9.9,214,擅长：反流性食管炎、慢性胃炎、胃溃疡、十二指肠溃疡、幽...,￥60
贾红蔚,副主任医师,内分泌科,天津医科大学总医院,10.0,3486,擅长：糖尿病和甲状腺疾病的诊治,￥20
沈赟,主治医师,内分泌代谢科,上海市第六人民医院,10.0,150,擅长：糖尿病，肥胖，甲状腺疾病，多囊卵巢综合症等内分泌...,￥80
孙达龙,主治医师,消化科,复旦大学附属中山医院,9.9,548,擅长：消化系统相关疾病的规范化诊疗，尤其是各种病因慢性...,￥70
曹君娴,主任医师,心血管内科,哈尔滨医科大学附属第一医院,10.0,147,擅长：冠心病，高血压，心肌病，肺动脉高压，肺栓塞，心律...,￥80
李星花,副主任医师,胃肠内科,吉林大学第一医院,10.0,409,擅长：反流性食管炎，胃溃疡，十二指肠溃疡，幽门螺旋杆菌...,￥40
傅健,主治医师,内科,首都医科大学附属北京同仁医院,10.0,1838,擅长：呼吸系统常见疾病，如急性上呼吸道感染、急性支气管...,￥20
徐迎阳,住院医师,变态反应科,北京协和医院,10.0,174,擅长：过敏性鼻炎，哮喘，荨麻疹，湿疹，接触性皮炎。,未开通
周宁,副主任医师,消化内科,浙江大学医学院附属第一医院,9.9,3002,擅长：胃食管反流病、消化性溃疡、胃炎、消化道出血、消化...,￥100
陈伟光,副主任医师,消化内科,北京协和医院,9.9,215,擅长：胃食管反流病、反流性食管炎、胃肠功能性疾病（如肠...,未开通
苏冠华,副主任医师,心内科专家,华中科技大学同济医学院附属协和医院,9.9,433,擅长：冠心病、高血压、心肌病、心力衰竭、血脂异常、心律...,￥50
盛杰,主治医师,老年医学科,中南大学湘雅医院,10.0,475,擅长：房颤、心衰、扩张性心肌病、心肌炎、高脂血症、冠心...,￥50
张琴,主任医师,肾内风湿免疫科,山东省立第三医院,10.0,2988,擅长：急、慢性肾炎；肾病综合征(膜性肾病、IgA肾病等...,￥50
陈令松,主任医师,血液科,徐州矿务集团总医院,10.0,3619,擅长：对白血病、淋巴瘤及多发性骨髓瘤等血液肿瘤的规范化...,￥30
吴鹏波,副主任医师,消化内科,武汉大学人民医院,10.0,3043,擅长：武汉金银潭支援新冠三个月，擅长胃炎(腹痛)，消化...,￥50
袁晓勇,副主任医师,内分泌内科,北京大学第一医院,10.0,261,擅长：减重饮食和药物，糖尿病，糖尿病高危足筛查，甲状腺...,￥99
刘春南,主治医师,心血管内科,哈尔滨医科大学附属第一医院,10.0,1636,擅长：高血压原因的筛查，冠心病心衰疾病的治疗,￥30
单敏,主治医师,神经内科,泰安市中心医院,10.0,47237,擅长：脑血管病、脑梗死、脑血栓形成、脑出血、蛛网膜下腔...,￥0
陈芬荣,副主任医师,消化内科,西安交通大学第二附属医院,10.0,1948,擅长：食管、胃、肠及肝胆胰等消化疾病的诊断治疗，熟练掌...,￥39
黄嵘,主任医师,神经内科,南京鼓楼医院,9.9,554,擅长：脑血管病、帕金森病、神经及肌肉病、神经遗传病的诊...,￥89
刘春生,主任医师,内科,石家庄市人民医院,10.0,8386,擅长：从医30余年，擅长心血管疾病如冠心病，心绞痛，心...,￥50
李福刚,副主任医师,神经内科,天津市静海区医院,10.0,2546,擅长：脑血管病（脑出血、脑梗死、静脉窦血栓形成、蛛网膜...,￥30
程琤,主治医师,内科,山东省立第三医院,10.0,102661,擅长：内科常见病的诊疗，尤其消化系统常见病，食管、胃肠...,￥30
林煌斌,主治医师,神经内科,上海长海医院,10.0,932,擅长：脑血管病（包括脑梗死、脑梗塞、脑卒中、脑中风、脑...,￥50
刘序友,主任医师,消化内科,广州市红十字会医院,10.0,4373,擅长：胃炎、幽门螺杆菌感染、肠炎、食管炎、慢乙肝、胃及...,￥49
马毓,主治医师,门诊高血压,上海交通大学医学院附属瑞金医院,10.0,10,擅长：高血压优化治疗，高血压病因筛查，难治性高血压诊治,￥40
吴兴树,主治医师,呼吸内二科,陕西省人民医院,10.0,1987,擅长：肺炎、慢阻肺、哮喘、肺癌等常见呼吸内科相关疾病诊...,￥20
谭晓风,副主任医师,传染科,联勤保障部队第904医院（无锡市太湖医院）,10.0,8369,擅长：中西医结合治疗肝病，常规传染病的防治，对部分妇科...,￥40
顾愹,副主任医师,内分泌科门诊,江苏省人民医院,10.0,264,擅长：1、糖尿病及其并发症的诊断与治疗，尤其擅长糖尿病...,￥30
刘金华,主治医师,心血管/高血压,武汉市普仁医院,10.0,9670,擅长：内科常见病，多发疾病诊治，心内科急危重症，疑难病...,￥10
张立辉,副主任医师,消化内科,日照市中医医院,10.0,628,擅长：消化内科常见病消化性溃疡，消化道出血，急性胰腺炎...,￥20
段俊,主治医师,内科,四川省医学科学院·四川省人民医院,10.0,467,擅长：心脑血管疾病如冠心病、高血压、心衰，呼吸系统疾病...,￥30
刘伟,副主任医师,消化内科,蚌埠市第三人民医院,10.0,2545,擅长：肝硬化伴食管胃底静脉曲张破裂出血，食管炎，胃炎，...,￥20
李学彦,主任医师,消化内科,北部战区总医院,10.0,254,擅长：熟练掌握胃肠镜检查，老年消化性疾病及消化道肿瘤的...,￥40
孙大朋,主治医师,呼吸内科,威海市妇幼保健院,10.0,11610,擅长：呼吸系统常见病、多发病的诊治，尤其擅长冠状病毒肺...,￥29
李博杰,副主任医师,消化内科,辽宁省朝阳市中心医院,10.0,13983,擅长：消化内科，呼吸科，妇科，小儿肠道疾病，小儿肺炎等...,￥30
耿涛,副主任医师,心血管内科,沧州市中心医院,10.0,1790,擅长：治疗心内科疾病，如：心肌炎，心肌缺血，心绞痛，心...,￥50
黄武,副主任医师,老年内科门诊,中南大学湘雅二医院,,1,擅长：主要从事老年内分泌疾病临床，在多年的工作中积累了...,￥30
高宾,主任医师,神经内科,鹤岗市人民医院,10.0,2076,擅长：脑梗塞，脑动脉供血不足，高血压，脑出血，冠心病，...,￥20
王达俭,副主任医师,呼吸内科门诊,景德镇市第一人民医院,10.0,4803,擅长：肺部肿瘤的诊断、化疗、介入及靶向治疗，对于慢性阻...,￥50
赵英帅,主治医师,内科,河南省人民医院,10.0,1267,擅长：体检报告解读、幽门螺旋杆菌感染、高血压、高血脂、...,￥49
梁力晖,主任医师,普通内科,湖南省人民医院,10.0,764,擅长：老年心脑血管病及糖尿病、甲亢、骨质疏松、痛风等代...,￥24
王君化,副主任医师,消化内科,西安市人民医院（西安市第四医院）,10.0,20857,擅长：消化系统肿瘤，胃溃疡，反流性疾病，各种肝病、胰腺...,￥20
严绍南,副主任医师,呼吸科,浙江省立同德医院,10.0,27950,擅长：肺部感染性疾病，肺结节的鉴别诊断，慢性阻塞性肺疾...,￥39
王萍,副主任医师,风湿免疫科,大连市友谊医院,10.0,8430,擅长：痛风性关节炎、类风湿性关节炎、红斑狼疮、骨质增生...,￥20
张有志,副主任医师,呼吸科,复旦大学附属华山医院,10.0,139,擅长：慢性咳嗽的诊断和治疗；肺部结节的良恶性鉴别；肺癌...,￥200
陈彤,副主任医师,血液肿瘤科,天津医科大学总医院,10.0,3432,擅长：内科系统常见疾病，尤其是血液系统肿瘤的诊疗,￥30
汤美,副主任医师,消化内科,常州市第一人民医院,10.0,9740,擅长：常见消化内科疾病：如慢性胃炎、反流性食管炎、消化...,￥30
关婧,副主任医师,心血管内科,丽水微医互联网医院,10.0,28283,擅长：心血管内科常见疾病的诊治，如冠心病、高血压的药物...,￥100
蒋丽敏,主任医师,内分泌科,北部战区总医院,10.0,467,擅长：内分泌性疾病：糖尿病、甲状腺疾病、痛风、代谢综合...,￥90
冀琳琳,主治医师,呼吸科,中国人民解放军第305医院,10.0,5517,擅长：长期从事呼吸科常见疾病临床工作，精通呼吸系统常见...,￥40
段英辉,副主任医师,神经内科,联勤保障部队第970医院,10.0,1663,擅长：脑血管病、头晕、头痛、睡眠障碍、认知功能障碍、情...,￥25
张方,主任医师,呼吸科,甘肃省人民医院,10.0,658,擅长：肺部感染性疾病的诊治、气管镜技术及镜下治疗。,￥30
张凡凡,主治医师,心血管内科,泰安市中心医院,10.0,12092,擅长：疑难心电图及起搏器心电图分析，高血压及冠心病治疗...,￥0
郝志民,主治医师,感染性疾病科,菏泽市中医医院,10.0,16386,擅长：治疗小儿疱疹性咽峡炎、感冒、咳嗽、发热、急慢性肝...,￥20
梅风君,主任医师,神经内科,河北医科大学第四医院,10.0,277,擅长：脑血管病的诊断及防治、各种头痛头晕诊治、脱髓鞘疾...,￥100
罗莉,主任医师,内分泌科门诊,安徽医科大学第一附属医院高新院区,10.0,2312,擅长：甲亢、加减、甲状腺结节、糖尿病、内分泌疾病的诊断...,￥50
石敏,主治医师,内分泌科,西京医院,10.0,740,擅长：糖尿病，甲状腺疾病，高尿酸血症及痛风等内分泌代谢...,￥60
李小莹,副主任医师,老年病科,空军军医大学(第四军医大学)口腔医学院,10.0,157,擅长：高血压，糖尿病，脑血管病，眩晕疾病、各种头疼及颌...,￥30
张瑾,副主任医师,心内科,复旦大学附属华山医院,9.9,310,擅长：冠心病、高血压、心律失常、心肌病等常见心血管病诊...,￥150
庞建华,主任医师,内分泌1科,河北医科大学第三医院,10.0,715,擅长：从事临床内分泌及代谢性专业近30年，擅长糖尿病及...,￥50
卢立新,主任医师,肾病科,泰安市中医医院,9.9,727,擅长：从事临床工作30余年，独创三元疗法治疗各种肾病及...,￥0
杨德生,副主任医师,消化内科,河南省人民医院,9.9,1388,擅长：消化内科常见病，多发病及危急重症疾病的诊治，擅长...,￥15
陈火元,主任医师,心血管内科,辽宁省人民医院,10.0,776,擅长：先天性心脏病（房间隔缺损，动脉导管未闭，室间隔缺...,￥20
陈果,副主任医师,呼吸科,四川省医学科学院·四川省人民医院,10.0,612,擅长：慢性阻塞性肺疾病、哮喘、肺炎、支气管炎、支气管扩...,￥40
李美珍,主任医师,内分泌科,东营市人民医院,10.0,518,擅长：糖尿病、甲亢等内分泌代谢病治疗,￥20
衡定,主治医师,消化内科门诊,江苏省人民医院,10.0,29,擅长：消化道早癌、胃幽门螺杆菌感染、胃食管反流病、便秘...,￥69
曲爱忠,副主任医师,血液病科,潍坊市益都中心医院,10.0,1474,擅长：淋巴瘤，贫血，血小板增多，血小板减少，肺癌，食管...,￥30
何朝荣,主任医师,心血管内科,十堰市太和医院,10.0,511,擅长：冠心病，心律失常及血栓性疾病防治,￥30
张楠,主任医师,神经内科,天津医科大学总医院,10.0,376,擅长：老年期痴呆和认知障碍，阿尔茨海默病，血管性痴呆，...,￥150
刘凯,主治医师,心血管内科,安庆市立医院,10.0,2416,擅长：刘凯，心内科主治医师，于2011年毕业于安徽医科...,￥40
付建芳,副主任医师,内分泌科,西京医院,10.0,844,擅长：糖尿病及其并发症。内分泌高血压甲状腺疾病痛风生长...,￥100
余献平,副主任医师,肾脏病,浙江大学医学院附属第一医院,9.9,541,擅长：各种原发和继发慢性肾小球肾炎（IgA肾病、膜性肾...,￥39
李爱新,主任医师,感染科,首都医科大学附属北京佑安医院,10.0,146,擅长：艾滋病抗病毒治疗、艾滋病机会性感染、HIV暴露后...,￥100
李同斌,主治医师,心脏内科,西京医院,9.9,223,擅长：先天性心脏病的诊断及介入封堵治疗，肺动脉高压的诊...,￥20
张丽,主治医师,内科,山东省立第三医院,10.0,105134,擅长：甲状腺疾病，糖尿病，高尿酸血症(痛风)，高脂血症...,￥30
叶蕾,副主任医师,血液内科,中国医学科学院血液病医院（血液学研究所）,10.0,314,擅长：血液系统疾病诊治，尤其是红细胞疾病：再生障碍性贫...,￥50
王成美,副主任医师,血液内科,枣庄市立医院,10.0,15957,擅长：各种贫血、急慢性白血病及多发性骨髓瘤诊断与治疗、...,￥20
李成支,主治医师,呼吸内科,西安市红会医院,10.0,23606,擅长：呼吸内科相关常见疾病(普通感冒，流感，肺部感染，...,￥25
刘志平,主治医师,呼吸科,黑龙江中医药大学附属第一医院,10.0,7329,擅长：肺炎、弥漫性泛细支气管炎、哮喘、慢性阻塞性肺疾病...,￥50
徐庆年,主任医师,感染科,上海市公共卫生临床中心金山总部,10.0,2406,擅长：新型冠状病毒感染，慢性病毒性肝炎（乙型，丙型），...,￥159
段淑荣,主任医师,神经内科诊室,哈尔滨医科大学附属第一医院,10.0,172,擅长：脑血管疾病（脑出血、肺梗塞、血管性痴呆、静脉窦血...,￥50
杨鹏飞,主治医师,感染病科,哈尔滨医科大学附属第二医院,10.0,7712,擅长：肝炎，肝硬化，肝癌，新型冠状病毒肺炎出血热，腹...,￥39
郭艳茹,主治医师,内科,辽宁医学院附属第三医院,10.0,35808,擅长：常见内科相关疾病,￥20
顾晓萌,副主任医师,消化内科,山东大学齐鲁医院,10.0,41,擅长：激光共聚焦内镜、胶囊内镜诊断治疗技术,￥20
韩锐,副主任医师,呼吸内科,合肥市第一人民医院,10.0,1471,擅长：呼吸系统疾病，包括肺部肿瘤，感染、呼吸危重症、慢...,￥30
王洪华,主治医师,内分泌科,丽水微医互联网医院,10.0,317839,擅长：甲状腺机能亢进、皮炎，湿疹，皮肤性病，2型糖尿病...,￥15
吕明丽,主治医师,内四科,齐齐哈尔市碾子山区人民医院,10.0,22496,擅长：对糖尿病及其并发症，甲状腺疾病（甲亢、甲减、桥本...,￥2
王琳,副主任医师,血液科,山东大学齐鲁医院,,4,擅长：对各种临床常见、疑难血液病具有较高的诊疗水平，特...,￥80
连豫苞,主任医师,感染科,三明市第一医院,10.0,7602,擅长：病毒性肝炎、脂肪肝等各类肝病，发热、呼吸道感染、...,￥30
王征,副主任医师,老年病内科,北京大学第三医院,,50,擅长：老年医学、老年综合评估、老年心血管病及结构性心脏...,￥100
徐明伟,主任医师,普内科,甘肃省第二人民医院,,2,擅长：内科的相关疾病,￥20
陈义林,主任医师,心血管科,六安市人民医院,,1,擅长：心律失常、高血压、冠心病、心衰,￥30
顾宇彤,主任医师,呼吸内科,复旦大学附属中山医院,9.7,3661,擅长：肺部疑难疾病诊断，慢性阻塞性肺病、哮喘、咳嗽、肺...,￥300
段明辉,主任医师,血液内科,北京协和医院,10.0,335,擅长：白血病慢性淋巴细胞白血病，淋巴瘤贫血干细胞...,未开通
程姝娟,主任医师,心内科,首都医科大学附属北京安贞医院,10.0,1769,擅长：冠心病，血管闭塞，心肌梗死、动脉粥样硬化、心律失...,￥500
黎纬明,副主任医师,血液科专家,华中科技大学同济医学院附属协和医院,10.0,82,擅长：慢性粒细胞白血病，造血系统恶性疾病、造血干细胞移...,￥50
程敏,副主任医师,心内科专家,华中科技大学同济医学院附属协和医院,10.0,1282,擅长：特殊时期：愿意为新老病友免费提供发热疾病的初步诊...,￥50
李锋,主任医师,肺内科,上海交通大学附属胸科医院,9.9,2666,擅长：哮喘、慢阻肺、肺部感染、间质性肺病（肺纤维化）、...,￥200
赵刚,副主任医师,心内科,复旦大学附属中山医院,10.0,598,擅长：冠心病的介入治疗，善于应用IVUS、FFR、OC...,未开通
齐军元,主任医师,血液内科,中国医学科学院血液病医院（血液学研究所）,9.8,140,擅长：疾病的诊断和鉴别诊断：淋巴瘤、骨髓瘤、各种白血病...,￥800
段力平,主任医师,风湿免疫科(内科新冠门诊),中南大学湘雅医院,9.3,215,擅长：风湿免疫科相关疾病,￥200
方跃华,副主任医师,门诊心脏,上海交通大学医学院附属瑞金医院,10.0,432,擅长：心衰心肌病、心脏瓣膜病、肿瘤治疗后心脏损伤的诊治,未开通
王俊,副主任医师,心内科(专家),上海交通大学附属第一人民医院松江南院,10.0,28210,擅长：冠心病、高血压、代谢综合症、心力衰竭、心律失常等...,￥49
何军衡,主治医师,消化内科,甘肃省第二人民医院,10.0,1059,擅长：消化系统疾病，特别是消化道疑难危重的抢救消化道...,￥20
刘盼,主治医师,心血管内一科,威海市妇幼保健院,10.0,14652,擅长：内科常见病、多发病如冠心病、高血压、糖尿病、...,￥15
曾芳芳,主治医师,内分泌科,复旦大学附属华山医院,10.0,997,擅长：甲状腺疾病(甲减、甲亢、甲状腺结节、甲状腺炎等)...,￥50
李贲,副主任医师,肝病中心,北京地坛医院,10.0,154,擅长：新型冠状病毒感染，乙肝、丙肝抗病毒治疗，乙肝母婴...,￥45
李孝锋,主治医师,传染科,唐都医院,10.0,513,擅长：病毒性肝炎、肝炎肝硬化、自身免疫性肝病、非酒精性...,￥30
刚毅,主治医师,传染科,唐都医院,10.0,365,擅长：病毒性肝炎、肝脏占位性病变/肿瘤、发热、艾滋病的...,￥15
沈春玲,副主任医师,普通内科,宁波市医疗中心李惠利医院,10.0,3130,擅长：内科各种常见病、多发病的诊治，尤其在糖尿病、高血...,￥30
王晶,主治医师,风湿免疫科,中国人民解放军联勤保障部队第962医院,10.0,3282,擅长：风湿免疫科类相关疾病、中医中药治疗消化、心脏、泌...,￥25
温顺祝,主治医师,血液内科,成都市第一人民医院,10.0,12933,擅长：内科常见疾病，如感冒，高血压，糖尿病等，血液内科...,￥20
吴海武,主任医师,消化内科,赣州市人民医院,10.0,1157,擅长：对消化内科专业的疾病的治疗，尤其是老年性消化性疾...,￥15
詹曦,副主任医师,呼吸科,首都医科大学附属北京朝阳医院,,2,擅长：间质性肺炎，肺纤维化，胃食管反流相关肺疾病。,￥300
孙为豪,主任医师,老年消化内科门诊,江苏省人民医院,9.8,1189,擅长：消化内科各种疾病的诊治，尤其慢性胃炎的合理用药，...,￥150
刘波,主任医师,消化肿瘤内科,山东省肿瘤医院,10.0,2218,擅长：常见肿瘤的化疗、靶向治疗、内分泌治疗、姑息治疗等...,￥20
程斌,主任医师,消化内科,华中科技大学同济医学院附属同济医院,9.8,1472,擅长：各种肝病（脂肪肝、肝硬化与肝癌）、胰腺疾病与功能...,￥100
陈伟贤,主任医师,神经内科门诊,江苏省人民医院,9.9,1626,擅长：脑血管病，神经系统变性病，神经系统感染性疾病及周...,￥200
廖建泉,主治医师,心内科,复旦大学附属中山医院,10.0,206,擅长：冠心病、高血压、心律失常、心力衰竭、心肌病等复杂...,￥100
李超,副主任医师,肾内科,北京协和医院,9.9,120,擅长：膜性肾病、狼疮性肾炎等原发和继发性肾小球疾病,￥200
李晓光,主任医师,神经科,北京协和医院,9.9,193,擅长：肌萎缩侧索硬化及其他神经系统退行性疾病（如老年痴...,￥999
宋雷,主任医师,心内科,中国医学科学院阜外医院,10.0,144,擅长：冠心病及冠脉介入治疗，冠状动脉内影像及生理学，左...,￥399
赵耀中,主任医师,淋巴瘤诊疗中心,中国医学科学院血液病医院（血液学研究所）,10.0,1977,擅长：各类血液病的诊断与治疗，尤其擅长各类淋巴系统血液...,￥200
张鑫,主治医师,肾内科,北京大学第一医院,10.0,154,擅长：慢性肾脏病、肾小球肾炎、单克隆免疫球蛋白相关肾损...,￥60
孟馨,主任医师,内分泌科,中国医科大学附属第一医院,10.0,489,擅长：糖尿病及并发症的诊治、甲状腺疾病诊治等。,￥89
杨帆,主任医师,感染门诊,复旦大学附属华山医院,9.3,152,擅长：各类细菌、真菌感染诊治，抗菌药物合理应用。,￥800
罗锋,主治医师,呼吸科,四川大学华西医院,9.9,1697,擅长：医学博士。在呼吸系统常见疾病以及多发病，尤其是对...,￥140
黄智伟,副主任医师,心内科,中国医学科学院阜外医院,10.0,480,擅长：冠心病心肌梗死高血压病高脂血症心律失常（...,￥150
沙莎,副主任医师,神经内科,中国医科大学附属第一医院,10.0,3194,擅长：常见老年疾病包括老年病痴呆，脑出血，脑血栓，头痛...,￥79
朱铁楠,主任医师,血液内科,北京协和医院,10.0,18,擅长：血栓性疾病、出血性疾病、血液科危重症、血栓性疾病...,￥200
侯婉音,主治医师,肾内科,北京大学第一医院,10.0,85,擅长：IgA肾病，膜性肾病，肾病综合征，新冠病毒感染后...,￥100
陈辉,主治医师,消化内科,西京医院,9.9,188,擅长：肝炎（乙肝，丙肝等）的规范治疗，肝硬化并发症的规...,￥69
李异玲,主任医师,消化内科,中国医科大学附属第一医院,10.0,5351,擅长：各种急慢性肝病的诊治，尤其是脂肪性肝病，药物性肝...,￥100
陈雪华,副主任医师,呼吸内科,复旦大学附属中山医院,9.9,2483,擅长：急性、慢性肺炎，肺结节，隐原性机化性肺炎，肺隐球...,￥80
余希杰,主任医师,内分泌科,四川大学华西医院,10.0,101,擅长：骨质疏松骨痛、肿瘤相关骨病、甲状旁腺疾病及钙磷代...,￥150
朱绍华,主治医师,消化内科,西京医院,10.0,936,擅长：本人专业消化内科，食管、胃及结直肠早期肿瘤的内镜...,￥30
张磊,副主任医师,心内科,复旦大学附属中山医院,10.0,425,擅长：常见心血管疾病，尤其是因为心动过缓、病态窦房结综...,￥150
李怀平,副主任医师,肾病内科,西京医院,10.0,1727,擅长：肾小球疾病、狼疮性肾炎、间质小管性疾病、难治性肾...,￥200
方霖,主治医师,消化内科,南方医科大学南方医院,10.0,6571,擅长：消化系统疾病的诊治（近年来门诊诊治患者近5千人/...,￥39
刘子龙,主治医师,呼吸内科,复旦大学附属中山医院,9.9,285,擅长：呼吸系统疾病的诊治，特别是慢性气道疾病、呼吸危重...,￥200
王苓,副主任医师,门诊血液,上海交通大学医学院附属瑞金医院,9.9,1538,擅长：造血干细胞移植，各种常见血液疾病,￥100
尹路,主任医师,血液内科门诊,上海市第十人民医院,9.9,650,擅长：处理腹部外科疑难病症和肠瘘；胃肠道肿瘤微创治疗；...,￥60
张顺财,主任医师,消化科高级专家门诊,复旦大学附属中山医院,9.6,2640,擅长：消化系统疾病疑难杂症，慢性肝病，胃肠疾病，胰腺疾...,￥380
胡秀芬,主任医师,儿童心血管风湿免疫科,华中科技大学同济医学院附属同济医院,9.8,1273,擅长：儿科心血管疾病、风湿免疫性疾病、发热性疾病、呼吸...,￥80
韩冰,主任医师,血液内科,北京协和医院,9.7,354,擅长：各种血液系统恶性肿瘤、特别是贫血，血小板减少、骨...,￥300
刘彤,主任医师,心内科,首都医科大学附属北京安贞医院,10.0,2499,擅长：心力衰竭，心肌病，冠心病，高血压，心律失常。,￥500
华冰珠,主任医师,风湿免疫科,南京鼓楼医院,9.9,892,擅长：类风湿性关节炎、强直性脊柱炎、干燥综合征、系统性...,￥100
凌雁,主任医师,内分泌科高级专家门诊,复旦大学附属中山医院,9.9,795,擅长：内分泌代谢疾病的诊治，尤其是糖尿病、甲状腺疾病、...,￥400
徐潮,主任医师,内分泌科,山东省立医院,10.0,1562,擅长：遗传代谢性疾病，疑难罕见病，糖尿病，甲状腺疾病，...,￥50
孔朝红,副主任医师,神经内科,武汉大学人民医院,10.0,8184,擅长：癫痫，睡眠障碍，神经心理，脑血管病。擅长神经电生...,￥39
宫萍,副主任医师,老年病内科,北京大学第三医院,9.8,349,擅长：1.老年神经系统疾病的治疗与康复：认知康复、脑血...,￥30
罗说明,副主任医师,内分泌科门诊,中南大学湘雅二医院,10.0,750,擅长：糖尿病、甲状腺疾病、代谢综合征、肥胖、痛风、继发...,￥80
沈迎,副主任医师,心血管内科,上海交通大学医学院附属瑞金医院,10.0,1047,擅长：冠心病，心律失常（房颤、室上速、传导阻滞、起搏器...,￥218
张波,副主任医师,血液科专家,华中科技大学同济医学院附属协和医院,10.0,579,擅长：血液系统恶性肿瘤如多发性骨髓瘤，白血病，淋巴瘤以...,￥50
邹长虹,主治医师,心内科,中国医学科学院阜外医院,10.0,115,擅长：不同病因和不同类型心力衰竭和心肌病的诊断和治疗，...,￥100
刘艳,副主任医师,老年病内科,西京医院,10.0,67,擅长：从事老年病科临床工作10余年，擅长老年高血压，冠...,￥30
陈允钦,副主任医师,心内科,复旦大学附属中山医院,9.9,1071,擅长：通过调节血脂抗动脉斑块，稳定和逆转斑块，防治动脉...,￥130
金嘉琳,主任医师,感染发热,复旦大学附属华山医院虹桥院区,8.8,17,擅长：发热待查、中枢神经系统感染、败血症及感染性心内膜...,￥240
吴边,主治医师,肾内科,南京大学医学院附属金陵医院（东部战区总医院）,10.0,2040,擅长：血液透析、连续性血液净化治疗，高血压、高尿酸血症...,￥119
许戎,主任医师,肾内科,北京大学第一医院,10.0,730,擅长：各种急性和慢性肾炎，急性和慢性肾衰竭，尿毒症，血...,￥250
黄金波,副主任医师,血液内科,中国医学科学院血液病医院（血液学研究所）,10.0,288,擅长：再生障碍性贫血、骨髓增生异常综合症，纯红细胞再生...,￥100
吴春玲,副主任医师,风湿科,中国医科大学附属第一医院,10.0,321,擅长：系统性红斑狼疮，类风湿关节炎，强直性脊柱炎,￥50
吕富靖,主任医师,消化内科,首都医科大学附属北京友谊医院,10.0,1310,擅长：消化系统疾病的内镜下微创诊疗。包括胃镜、结肠镜、...,￥150
王淑艳,主任医师,内分泌科门诊,烟台毓璜顶医院,10.0,13128,擅长：主攻糖尿病、肥胖症、继发性高血压、垂体疾病、骨质...,￥60
马东霞,主治医师,过敏反应科,华中科技大学同济医学院附属同济医院,10.0,55,擅长：过敏性哮喘，过敏性鼻炎，过敏性咳嗽，鸡蛋牛奶等食...,￥20
安立新,主任医师,过敏反应诊室,哈尔滨医科大学附属第一医院,10.0,172,擅长：运用变态反应学、耳鼻咽喉学科和皮肤科临床诊断技术...,￥100
张家利,主任医师,心内科,北京积水潭医院回龙观院区,,4,擅长：冠心病、心肌梗死、高血压病、心力衰竭、心律紊乱、...,￥150
陆浩,副主任医师,心内科,复旦大学附属中山医院,9.9,574,擅长：冠心病的介入治疗，尤其是复杂冠脉病变，如慢性闭塞...,￥200
周琦,副主任医师,消化内科,华中科技大学同济医学院附属同济医院,10.0,5398,擅长：慢性萎缩性胃炎等癌前病变、内镜下消化道早期肿瘤的...,￥50
张东华,主任医师,血液内科,华中科技大学同济医学院附属同济医院,9.9,809,擅长：各种血液病，特别是恶性血液病（如急性、慢性白血病...,￥50
骆翔,主任医师,神经内科,华中科技大学同济医学院附属同济医院,9.7,1421,擅长：脑血管疾病(特别是缺血性脑血管病的介入诊断和治疗...,￥300
孙攀博,主治医师,呼吸内科,上饶市立医院,10.0,4954,擅长：对呼吸内科急诊病人、难治性大咯血、危重支气管哮喘...,￥40
余洋,主治医师,内分泌内科,北京大学第一医院,10.0,255,擅长：糖尿病、甲状腺疾病及肾上腺疾病等,￥49
韩保林,主治医师,呼吸内科,长沙市第九医院,10.0,5101,擅长：常见急慢性病，呼吸系统如老慢支、哮喘、慢阻肺等，...,￥20
关媛媛,主治医师,过敏反应诊室,哈尔滨医科大学附属第一医院,10.0,67,擅长：过敏性鼻炎，过敏性哮喘，荨麻疹，湿疹，接触性皮炎...,￥20
许建忠,主任医师,门诊高血压,上海交通大学医学院附属瑞金医院,9.8,492,擅长：难治性高血压诊治，肾神经消融治疗高血压，继发性高...,￥100
张静,主任医师,血液内科,中国医学科学院血液病医院（血液学研究所）,9.9,821,擅长：多年从事关于再生障碍性、溶血性贫血、骨髓增生异常...,￥100
贾卫国,副主任医师,心脏内科,四川大学华西医院,10.0,49,擅长：合并糖尿病、甲亢等内分泌疾患的心血管病的诊治。,￥150
陶波,副主任医师,门诊高血压,上海交通大学医学院附属瑞金医院,9.5,278,擅长：肾动脉狭窄等继发性高血压的筛查、难治性高血压的治...,￥400
卢放根,主任医师,消化内科门诊,中南大学湘雅二医院,10.0,442,擅长：消化系统疾病诊治，尤其是肝硬化失代偿期和炎性肠病...,￥200
梁彦,副主任医师,内科,天津和平微医医院,10.0,206,擅长：治疗肺癌的化疗及治疗,￥100
雷丰丰,主任医师,呼吸科,甘肃省人民医院,10.0,6018,擅长：肺结节，磨玻璃结节，亚实性结节，肺部感染，新型冠...,￥40
黄晨,主任医师,肾病内科,西京医院,10.0,722,擅长：危重肾脏病的救治和血液净化治疗，尤其是老年肾脏疾...,￥100
邵耘,主任医师,老年消化内科门诊,江苏省人民医院,10.0,390,擅长：胃食管反流病、慢性胃炎、幽门螺杆菌感染、消化性溃...,未开通
张家源,副主任医师,血液内科,中国医学科学院血液病医院（血液学研究所）,9.3,52,擅长：白血病，淋巴癌，多发性骨髓瘤，再生障碍性贫血，免...,￥50
杨军,副主任医师,神经内科,中国医科大学附属第一医院,10.0,763,擅长：急性脑血管病诊断治疗,￥50
姜敏,主任医师,消化内科,中国医科大学附属第一医院,9.9,234,擅长：食管、胃、肠道、肝、胆、胰腺以及腹腔常见病、多发...,￥100
黄岩,副主任医师,心内科,中国医学科学院阜外医院,10.0,1520,擅长：善于中西医结合治疗风湿性心脏病，心律失常，心肌病...,￥70
陈轶坚,副主任医师,感染门诊,复旦大学附属华山医院,9.9,751,擅长：新型冠状病毒肺炎、尿路感染、脑脓肿、“超级细菌”...,￥200
张璐,副主任医师,血液科专家,华中科技大学同济医学院附属协和医院,10.0,846,擅长：血液科贫血和淋巴瘤等相关疾病的治疗,￥60
张玉洁,主治医师,消化内科,西京医院,10.0,323,擅长：专注炎症性肠病（溃疡性结肠炎、克罗恩病）的诊治。,未开通
赵军,主任医师,内分泌科(普),华中科技大学同济医学院附属协和医院,9.9,933,擅长：泌尿系肿瘤、肾囊肿去顶、肾上腺肿瘤切除、肾上腺切...,￥30
曹金霞,主任医师,神经内科,连云港市第二人民医院东院,10.0,10855,擅长：头痛，头晕，脑卒中，失眠，焦虑，抑郁及各种躯...,￥50
胡嘉禄,主治医师,心内科,复旦大学附属中山医院,10.0,41,擅长：擅长各类心血管疾病（高血压、冠心病、高血脂、房颤...,￥98
赵鸿琛,主治医师,神经内科,复旦大学附属华山医院,9.9,605,擅长：每周二上午开设“颈动脉/脑动脉狭窄专病门诊”，该...,￥58
刘海娜,副主任医师,风湿科,中国医科大学附属第一医院,10.0,17,擅长：类风湿关节炎、系统性红斑狼疮,￥100
王明华,副主任医师,感染门诊,复旦大学附属华山医院,10.0,12,擅长：常见感染科相关疾病诊治，包括各类细菌、真菌性感染...,￥69
洪墨纳,主治医师,门诊高血压,上海交通大学医学院附属瑞金医院,10.0,670,擅长：高血压病因筛查、诊断及治疗；高血压优化治疗。,￥58
常红,主任医师,血液内科,四川大学华西医院,10.0,1832,擅长：各种血液检查报告解读，用药建议及诊后指导。血液科...,￥200
蒋卫民,主任医师,感染发热,复旦大学附属华山医院,9.9,5184,擅长：各种病毒性肝炎、肝功能异常、各种发热性疾病、寄生...,￥300
徐蔚海,主任医师,神经科,北京协和医院,9.9,497,擅长：疑难脑卒中，青年卒中，中枢神经系统疾病疑难疾病，...,￥650
张海鹏,住院医师,呼吸科,四川大学华西医院,10.0,2542,擅长：呼吸道疾病例如上呼吸道感染，各类肺炎，COPD，...,￥30
孙晓红,主任医师,消化内科,北京协和医院,10.0,1049,擅长：胃食管反流病、贲门失弛缓症、功能性食管疾病、功能...,￥300
李凯,副主任医师,消化内科,西京医院,10.0,3733,擅长：肝硬化，肝癌，消化道出血，腹水，病毒性肝炎等慢性...,￥80
汤正义,主任医师,门诊内分泌,上海交通大学医学院附属瑞金医院,9.9,4804,擅长：糖尿病血糖控制与疑难并发症的诊治，甲状腺、肾上腺...,￥300
舒慧君,主任医师,消化内科,北京协和医院,10.0,858,擅长：消化系统常见病，自身免疫性肝病，自身免疫性胰腺炎...,￥500
施光峰,主任医师,感染发热,复旦大学附属华山医院,9.5,1173,擅长：各种感染病的诊治，尤其擅长慢乙肝、慢丙肝、脂肪肝...,￥498
张德新,主任医师,消化内科,西京医院,9.9,2544,擅长：各种食管、胃、肠道疾病。包括胃食管反流病，消化不...,￥100
程蕾蕾,主任医师,心内科高级专家门诊,复旦大学附属中山医院,9.8,2201,擅长：关注恶性肿瘤患者放疗、化疗、靶向及免疫治疗过程中...,￥500
汪涛,主任医师,呼吸与危重症医学科,华中科技大学同济医学院附属同济医院,10.0,3990,擅长：肺癌，肺结节的介入消融治疗，气道狭窄，气道瘘治疗...,￥120
高瑞通,主任医师,肾内科,北京协和医院,9.9,419,擅长：各种原发和继发性肾小球疾病、肾血管疾病及急、慢性...,￥700
王晓黎,主任医师,内分泌科,中国医科大学附属第一医院,10.0,2548,擅长：内分泌系统疾病诊治，包括各种类型糖尿病，甲状腺疾...,￥200
曹玉珍,主任医师,神经科,北京协和医院,9.9,447,擅长：各种类型的脑血管病的诊治，包括脑梗塞，脑出血，蛛...,￥300
张峰,主任医师,心内科高级专家门诊,复旦大学附属中山医院,10.0,8243,擅长：冠心病、高血压、高血脂、心律失常、心功能不全等心...,￥380
马晓蕾,副主任医师,风湿免疫科,南京鼓楼医院,9.9,73,擅长：类风湿关节炎、强直性脊柱炎、系统性红斑狼疮、干燥...,￥50
胡永红,主任医师,中医风湿,华中科技大学同济医学院附属同济医院,9.2,18,擅长：系统性红斑狼疮、类风湿关节炎、强直性脊柱炎、骨关...,￥30
曹桂花,副主任医师,老年病内科,西京医院,9.9,45,擅长：老年冠心病、心衰、高血压、糖尿病、肺部相关疾病、...,￥38
严志聪,主治医师,神经科,中山大学附属第一医院,10.0,62,擅长：头晕、各种头痛及脑血管疾病，失眠等多发病，常见病,￥80
杨雅琪,主治医师,过敏反应科,华中科技大学同济医学院附属同济医院,10.0,115,擅长：呼吸道过敏性疾病（过敏性哮喘，过敏性鼻炎，过敏性...,￥30
孙静媛,主任医师,肝病中心,北京地坛医院,10.0,406,擅长：各类传染病，肝病。,￥50
姚园,副主任医师,心血管内科,武汉大学人民医院,10.0,281,擅长：.心血管内科等相关疾病的治疗,￥49
王汉民,副主任医师,肾病内科,西京医院,10.0,24,擅长：难治性肾病综合征，lgA肾病，糖尿病肾病，狼疮性...,￥50
于明香,主任医师,内分泌科高级专家门诊,复旦大学附属中山医院,9.9,1535,擅长：复旦大学附属中山医院内分泌科主任医师，从事临床工...,￥500
杨铁生,主任医师,风湿免疫科,北京大学人民医院,9.8,200,擅长：风湿性疾病包括类风湿关节炎、干燥综合征、系统性红...,￥300
黄东,副主任医师,心内科,复旦大学附属中山医院,9.8,838,擅长：冠心病的介入治疗、心血管疾病的诊断和治疗,￥100
田磊,主任医师,心内科,首都医科大学附属北京安贞医院,10.0,1155,擅长：冠心病介入治疗。冠心病、急性心梗，冠心病合并糖尿...,￥100
贺德志,主任医师,消化内科(河医院区),郑州大学第一附属医院,10.0,635,擅长：食管癌、胃癌、结肠癌、肝癌等消化道肿瘤的诊疗，对...,￥59
李刚,主任医师,心血管内科(郑东)(郑东院区),郑州大学第一附属医院,10.0,375,擅长：生殖内分泌、男女不孕症、辅助生殖技术等方面有丰富...,￥59
刘婷,住院医师,呼吸内科,四川大学华西医院,9.9,321,擅长：呼吸科相关疾病,￥15
梁义秀,主治医师,心内科,复旦大学附属中山医院,9.9,555,擅长：常见心内科相关疾病，特别是起搏器、除颤器手术与随...,￥60
张艳,主任医师,神经内科诊室,哈尔滨医科大学附属第一医院,10.0,611,擅长：脑血管病、周围神经病变、帕金森病和老年性痴呆。,￥60
陈海敏,主治医师,心内科,广东省人民医院,9.8,101,擅长：心内科方面的常见疾病。,￥30
沈子妍,主治医师,肾病科,复旦大学附属中山医院,10.0,132,擅长：痛风与高尿酸肾病,￥60
王飞,副主任医师,心血管内科,东莞市滨海湾中心医院,10.0,98750,擅长：高血压病（头痛、头晕、眼花）、心律失常（心房颤动...,￥50
王燕燕,副主任医师,感染科,南昌市第三医院,10.0,43116,擅长：感染科常见疾病，多发病的诊治，丙肝，乙肝，脂肪...,￥10
何汝敏,主任医师,门诊心脏,上海交通大学医学院附属瑞金医院,9.8,1144,擅长：心血管系统各种危重疾病与疑难病例，包括冠心病，心...,￥180
王从容,主任医师,内分泌科门诊特需,上海市第四人民医院,9.6,329,擅长：家族遗传性糖尿病、肥胖病、线粒体基因突变糖尿病的...,￥199
黄伟,主任医师,血液内科,华中科技大学同济医学院附属同济医院,9.8,624,擅长：白血病，淋巴瘤，骨髓瘤，骨髓增生异常综合症,￥60
刘尚勤,主任医师,血液科,武汉大学中南医院,10.0,6659,擅长：多发性骨髓瘤、骨髓增生异常综合征、难治性贫血、慢...,￥50
褚章波,副主任医师,血液科专家,华中科技大学同济医学院附属协和医院,10.0,725,擅长：白血病、淋巴瘤、骨髓瘤等血液系统恶性肿瘤和其它血...,￥200
卢瑗瑗,副主任医师,消化内科,西京医院,10.0,166,擅长：消化系统肿瘤的诊疗，化疗、分子靶向治疗、免疫治疗...,￥120
李筠,主任医师,（加号预约）心内科特需,上海市儿童医院北京西路院区,9.8,568,擅长：对儿科常见病诊治经验丰富，常年从事小儿先心病的心...,￥200
王一梅,副主任医师,肾病科,复旦大学附属中山医院,10.0,1728,擅长：急性肾损伤、血尿蛋白尿、慢性肾功能不全、高尿酸血...,￥80
孙石磊,主任医师,神经内科(河医院区),郑州大学第一附属医院,9.9,1175,擅长：脑血管疾病、重症肌无力、癫痫、眩晕、痴呆、颅内感...,￥80
全俊,主任医师,感染病科,中南大学湘雅医院,9.8,1088,擅长：乙肝，丙肝及各种肝硬化，不明原因肝功能异常，脂...,￥100
缪连生,副主任医师,消化内科,甘肃省第二人民医院,10.0,49316,擅长：从事消化及消化内镜30余年。在消化及消化内镜下各...,￥25
潘凯,副主任医师,急诊内科门诊,徐州市中心医院,9.9,5428,擅长：内科常见病多发病治疗，急危重症治疗，中毒的治疗等,￥30
廖莹,副主任医师,肾内科,深圳市第二人民医院,10.0,415,擅长：肾小球肾炎，腹膜透析，血液透析，继发性甲旁亢，肾...,￥25
薛喜锐,副主任医师,呼吸内科,甘肃省第二人民医院,10.0,14324,擅长：慢性阻塞性肺疾病、支气管哮喘、肺结核、各种肺炎及...,￥20
杨丽,主任医师,内分泌科,湖南省人民医院,9.9,529,擅长：常见内分泌科相关疾病,￥20
苏琳,副主任医师,消化内科,北京大学人民医院,10.0,501,擅长：1、非病毒性肝病，包括自身免疫性肝病，脂肪肝等诊...,未开通
蔡珍华,副主任医师,消化科,中国人民解放军第95医院,10.0,6141,擅长：慢性胃炎，胃食管反流，胃肠功能紊乱，肝炎，胃幽门...,￥30
张吉,主治医师,消化内科,上海交通大学医学院附属瑞金医院,9.9,815,擅长：消化内镜(包括胶囊内镜)、消化道常见疾病的诊断与...,￥25
祝金泉,主任医师,消化科门诊,南昌大学第一附属医院,10.0,2716,擅长：胃及十二指肠溃疡、慢性胃炎、反流性食管炎、慢性结...,￥15
王文宗,副主任医师,神经内科,西安市人民医院（西安市第四医院）,10.0,2742,擅长：脑卒中预防、康复及治疗，头痛、头晕，帕金森，癫痫...,￥50
王惠芳,主任医师,呼吸内科,西安医学院第二附属医院,9.9,2220,擅长：呼吸消化内科常见病及疑难病，尤其各型呼吸衰竭、重...,￥50
吕永楠,副主任医师,心血管内科,武汉大学人民医院,10.0,5940,擅长：冠心病、心绞痛、高血压、心肌炎、心律失常、房颤、...,￥60
赵雪燕,主任医师,心内科,中国医学科学院阜外医院,,1,擅长：冠心病、心力衰竭、高血压病、高脂血症的诊治。冠心...,￥300
张东健,副主任医师,神经内科,天津市静海区医院,10.0,8951,擅长：熟练应对内科常见病得诊疗以及心脑血管疾病的鉴别诊...,￥20
张磊,主治医师,内科,山东省立第三医院,10.0,31720,擅长：内科常见疾病的诊治，如：水肿蛋白尿血尿高血压等急...,￥29
杨苏乔,副主任医师,呼吸与危重症医学科,首都医科大学附属北京朝阳医院,10.0,46,擅长：新型冠状病毒肺炎，肺栓塞，肺动脉高压，慢阻肺，纤...,￥100
吉炜,主治医师,心血管专科,上海儿童医学中心,10.0,56,擅长：儿童心脏病：包括房室传导阻滞、阵发性室上...,￥100
李渊,主任医师,消化科门诊,北京大学第三医院,9.9,158,擅长：各种消化道疾病，尤其是早期胃癌、食管癌及癌前病变...,￥110
张文礼,副主任医师,内分泌科门诊,南京市第一医院,10.0,5915,擅长：熟练掌握糖尿病的强化治疗、并发症的防治，尤其是外...,￥30
陈学颖,副主任医师,心内科,复旦大学附属中山医院,9.9,113,擅长：心内科常见疾病，尤其是心脏起搏器的植入与随访、术...,￥100
李乾,主任医师,消化内科(内科新冠门诊),中南大学湘雅医院,9.6,100,擅长：消化系统疾病的诊断与治疗，电子超声内镜的检查与介...,￥100
宋涛,副主任医师,心血管内科,武汉大学人民医院,10.0,128,擅长：冠心病介入诊疗高血压药物调整心力衰竭的药物治疗,￥49
苌新明,主任医师,消化内科,西安交通大学第一附属医院,9.8,842,擅长：各种急、慢性胃炎、胃溃疡、十二指肠溃疡、幽门螺杆...,￥60
楚长彪,副主任医师,神经内科,首都医科大学宣武医院,9.9,345,擅长：头痛，头晕，脑血管病、炎症和认知障碍等神经变性疾...,￥360
黄金莎,副主任医师,神经内科专家,华中科技大学同济医学院附属协和医院,10.0,496,擅长：黄金莎，女，医学博士，擅长脑血管病的诊断治疗，癫...,￥100
孔军,副主任医师,血液病研究所,北京大学人民医院,10.0,31,擅长：治疗造血干细胞移植并发症及急慢性白血病。同时对血...,￥500
展平,副主任医师,呼吸内科,南京大学医学院附属金陵医院（东部战区总医院）,9.9,2624,擅长：呼吸内科常见疾病的诊断与治疗，对肺癌、肺部结节、...,￥99
王岚,副主任医师,消化内科,贵州医科大学附属医院,10.0,4535,擅长：消化内科常见病，多发病及肝，胆，胰疾病的诊治，擅...,￥15
高旭光,主任医师,神经内科,北京大学人民医院,9.9,459,擅长：成人神经内科疾病：脑血管病、癫痫、头痛等，神经内...,￥50
李光文,副主任医师,免疫风湿科,青岛市市立医院东院,10.0,6600,擅长：对系统性红斑狼疮，类风湿关节炎，白塞氏病，痛风，...,￥19
万南生,副主任医师,呼吸内科,天津医科大学总医院,10.0,1226,擅长：肺部肿瘤诊断、气管镜介入诊断及治疗、气道狭窄、气...,￥50
周琼,主治医师,心内科,中国医学科学院阜外医院,9.8,89,擅长：心血管病的诊断、治疗；熟练组织对心血管内科各种急...,￥50
谢容根,副主任医师,感染科·肝病诊疗中心,东莞市第三人民医院,10.0,11056,擅长：常见感染及肝脏相关疾病，如发热查因、肺结核、结核...,￥10
颜承尧,副主任医师,内科,滕州市中医医院,10.0,101967,擅长：从事内科临床工作30余年，临床经验丰富，擅长内科...,￥20
毛秀丽,副主任医师,感染科,齐齐哈尔市碾子山区人民医院,10.0,122307,擅长：熟练掌握纤维胃、十二指肠镜的操作，可以准确诊断镜...,￥20
崔国惠,主任医师,血液科专家,华中科技大学同济医学院附属协和医院,10.0,108,擅长：白血病、淋巴瘤、造血干细胞移植,￥100
赵桂宪,副主任医师,神经内科,复旦大学附属华山医院,9.7,895,擅长：颅内单发/多发病变的诊断和鉴别诊断，专长中枢神经...,￥360
吴秋玲,主任医师,血液科专家,华中科技大学同济医学院附属协和医院,9.8,481,擅长：白血病、淋巴瘤、多发性骨髓瘤、贫血、白细胞减少,￥50
欧阳铭,副主任医师,呼吸科门诊,广州医科大学附属第一医院,9.9,604,擅长：支气管哮喘、慢性支气管炎、呼吸道感染性疾病的诊治...,￥200
焦成松,副主任医师,感染科肝病,华中科技大学同济医学院附属同济医院,9.8,621,擅长：各类肝病以及不明原因发热等疑难杂症的诊断和治疗。,￥40
邹善华,主任医师,血液科高级专家门诊,复旦大学附属中山医院,9.9,1707,擅长：淋巴结肿大、淋巴瘤、多发性骨髓瘤、M蛋白血症、各...,￥260
李瑛,主治医师,呼吸内科(内科新冠门诊),中南大学湘雅医院,9.9,1781,擅长：慢性支气管炎，肺气肿，慢阻肺、哮喘、肺癌，肺结核...,￥169
吴丽娟,主任医师,呼吸病门诊,中日友好医院,9.8,781,擅长：肺部感染性疾病（各种肺炎，真菌，结核，支气管扩张...,￥300
周德凯,主任医师,血管瘤专业,重庆医科大学附属儿童医院礼嘉分院,9.9,1609,擅长：小儿普外科各种疾病；各类血管瘤、血管畸形、淋巴管...,￥20
罗明,主任医师,心血管科,上海市同济医院,9.9,1023,擅长：高血压、冠心病、心力衰竭，各种心律失常包括早搏，...,￥120
张炯,副主任医师,风湿免疫科,复旦大学附属华山医院,9.7,911,擅长：皮肌炎（尤其是皮疹及并发症的控制）、红斑狼疮（包...,￥300
王薇,副主任医师,感染科,上海儿童医学中心,9.7,445,擅长：肺炎，哮喘，慢性咳嗽，EB病毒等其它感染性疾病,￥300
吴瑾,副主任医师,老年医学科,北京协和医院,10.0,41,擅长：老年高血压、冠心病、血脂异常的诊治,￥200
周凡,主任医师,血液科,北部战区总医院,10.0,3021,擅长：对白血病、淋巴瘤、多发性骨髓瘤、再生障碍性贫血、...,￥50
张萌萌,住院医师,感染病科,哈尔滨医科大学附属第二医院,10.0,954,擅长：感染类相关疾病,￥30
邹美银,主任医师,AIDS防治咨询,南通市第三人民医院,10.0,2321,擅长：艾滋病急慢性肝炎水痘。结核等各类急慢性传染性...,￥30
姚薇,副主任医师,心内科,天津医科大学总医院,10.0,1834,擅长：高血压、冠心病、心律失常、心力衰竭等心脏科疾病的...,￥35
毛靓瑶,主治医师,脾胃病一科,陕西省中医医院,10.0,3630,擅长：慢性胃炎，消化性溃疡，结肠炎，溃疡性结肠炎，功能...,￥30
杨松,主治医师,内分泌二科,泰安市中心医院,10.0,10347,擅长：糖尿病及其急、慢性并发症、下丘脑垂体疾病、甲状腺...,￥0
刘丽丽,主治医师,神经内科,甘肃省第二人民医院,10.0,10134,擅长：三叉神经、面神经炎、偏头痛、带状疱疹后遗神经痛、...,￥30
刘先锋,主治医师,内六科,泰达国际心血管病医院,10.0,7944,擅长：心脏病、呼吸疾病、消化疾病、代谢疾病以及常见传染...,￥20
白然,主任医师,内分泌科,大连医科大学附属第一医院,10.0,167,擅长：糖尿病及其并发症的诊断、治疗以及甲状腺、肾上腺、...,￥30
朱春平,主治医师,消化内科,上海长海医院,9.9,2812,擅长：慢性胃炎，消化性溃疡，反流性食管炎，消化道出血，...,￥168
赵威,副主任医师,消化科,天津医科大学总医院,10.0,562,擅长：肠易激综合征，便秘，腹泻，腹胀，消化不良，胃食管...,￥80
魏文迪,主治医师,感染科,泰安市中医医院,10.0,15867,擅长：中西医结合进行病毒性肝炎，乙肝，丙肝，肝硬化，肝...,￥0
周城林,主治中医师,神经内科,利川市民族中医院,10.0,10419,擅长：中西医结合治疗神经系统疾病，如脑血管病（脑梗死、...,￥20
陈睿,主治医师,老年病内科,西京医院,,2,擅长：暂无介绍,￥10
易朝辉,主任医师,内科,揭阳市榕城区人民医院,10.0,27232,擅长：高血压.糖尿病.胃病.冠心病心力衰竭、顽固性胃病...,￥5
于慧敏,主任医师,风湿免疫科,哈尔滨医科大学附属第二医院,10.0,37,擅长：类风湿性关节炎，强直性脊柱炎，骨关节炎,￥30
姚要兵,主治医师,神经内科(河医院区),郑州大学第一附属医院,9.8,51,擅长：脑梗死，脑出血，脑炎，口眼歪斜，头晕头疼，失眠，...,￥30
