我们能活多久？,1990年，让—马里·罗比内（Jean-Marie Robine）和米歇尔·阿拉尔（Michel Allard）开始进行一项对法国百岁老人的全国性研究不久后，他们计算机程序中之一突然吐出了一条错误信息。一名研究对象的标记年龄是115岁，这个数字超出了该项目设定的年龄值范围。当时是...,阅读(10),3
想活得更久？你可以考虑冷冻自己,麦可·佩里在亚利桑那州阿尔科生命延续基金的设施检查接受处置者。Jesse Rieser for The New York Times 去年，一名87岁的加州男子被推进凤凰城郊外的手术室时，正是新冠病毒大流行进入高峰、美国各地的医疗方案都被打乱的时候。 像他这样的情况，以前需要注入...,阅读(8),3
为何有些人会「不兽控」？——探讨兽迷的演化心理学意义,  根据生物多样性之父Wilson的亲生命假说（biophilia hypothesis）[71]，人类一直有着亲近动物的本能，且也有研究指出即使在人类幼儿时期就已反应出这种倾向[18，38，49]，至于为什么动物对人类构成如此诱人的刺激，目前尚未完全阐明。 与物体相比...,阅读(6),0
当工作让你身心疲惫 不妨请一天“悲伤假” 养护心理,为照顾自己的心理健康而请假不上班，你是否曾为此感到过紧张，或没有勇气提出？ 受宣布退出奥运赛事以保护自己的心理健康的西蒙·拜尔斯（Simone Biles）启发，住在纽约市的作家、政治策略师玛丽莎·卡巴斯（Marisa Kabas）最近在Twitter上提出了一个类似的问题。 “...,阅读(6),6
20岁以后新陈代谢放缓？新研究颠覆传统观点,在控制体重和肌肉量等因素后，研究人员发现，新陈代谢率基本上有四个阶段，而成年人的新陈代谢放缓直到60岁以后才会出现。 Desiree Rios for The New York Times 所有人都知道关于新陈代谢的传统观点：从20多岁开始，人的体重年复一年地增加，因为他们的新陈...,阅读(6),1
迪斯尼OG老王子根本性骚犯？浅谈古早动画如何建构幼儿的性别认知,编按：社会风俗是约定而成的——这句话不是说道德不存在边界，而是指边界的或宽或窄将随社会需求变动，而动画则是观察社会风俗变迁的极佳研究对象；本文点出古早迪斯尼动画存有明显的性别标签，目的在于建构友善的性别环境，并提醒善男信女们切勿模仿OG老王子／公主，否则小心被铐上警车或被拐走。 ...,阅读(15),0
北极熊可能会为了生存用冰块攻击毫无戒心的海象,大量的海象被北极熊打死 根据一篇论文阐述，过去有几例北极熊利用冰和岩石杀死海象（Odobenus rosmarus）的报告，而其历史可以追溯到18世纪格陵兰岛和加拿大东部的北极地区，然而科学家们确实注意到，这些说法虽然一致，但可能与世界上其他完全缺乏类似报导相互矛盾，历史记载有大...,阅读(10),5
有钱就是任性？富豪间的太空竞赛是怎么一回事，又与我们有何关系？,维珍集团创办人布兰森（Richard Branson），和亚马逊公司创办人贝佐斯（Jeff Bezos），上个月相继搭乘自家公司太空船飞上太空，成了备受瞩目的焦点。 然而可能是因为两位富豪本身的财力与名气，让这场太空公司竞争被自家老板抢尽锋头，很多相关讨论话题都聚焦在布兰森和贝佐...,阅读(21),0
真有吃不胖的天选之人？科学家揪出造成肥胖的关键基因,你是那种喝水都会胖的人吗？看着那些不需饮食控制和运动，就能享受美食并且保持好身材的人，是否感到羡慕忌妒恨？近期发表在 Science 上的研究显示，如果拥有某些基因的变异，就有潜质成为吃不胖的天选之人（ Akbari et al.， 2021）。 肥胖对健康的隐患 肥胖是一个在全...,阅读(18),2
鱼鱼也会吸毒成瘾！？药毒物对褐鳟鱼的影响,我们都知道毒品会影响人的行为，但你知道当剩馀的毒品被人体排出后，会随着下水道排放到自然环境中，并影响野生动物的行为吗？近期发表在 Journal of Experimental Biology 上的研究就显示这种可能性。 药物与毒品除了伤身，更是环境污染物 全世界每年约有2.69...,阅读(18),2
如果《咒术回战》的五条悟是只猫，还会是最强的吗？ —— 浅谈蓝眼白猫的遗传缺陷,继《鬼灭之刃》后，最火红的动漫莫过于 MAPPA 出品的《咒术回战》。 这是一个关于负面情绪会产生诅咒，以及袱除诅咒的咒术师之间的热血故事。 五条悟是早期登场的人物之一，也是与男主角虎杖悠仁，并驾齐驱的高人气角色，更是战力与颜质的天花板！ 即使是没看过动画的人，应该多少都有听过五...,阅读(1),3
「菲利浦岛蜈蚣」成幼鸟杀手！ ——在澳洲孤岛上默默担当顶级掠食者,冒险电影中，场景时常在偏远不为人知的荒山野岭，甚至住着猛兽的遥远孤岛，有着颠覆常识的生态环境和骇人怪物。 然而根据新发表在《美国博物学家》的一篇论文，在现实中就有一个岛屿，由蜈蚣担当岛上食物链的最顶端掠食者。 此菲利浦岛，非彼菲利浦岛 地点位于澳大利亚的菲利浦岛（Phillip ...,阅读(8),11
别担心，小型野鸟不太会被喂食行为宠坏！,长期以来，喂食野生动物的行为被认为会对它们造成诸多负面影响，尤其是鸟类，像是可能引起群聚加速疾病传播、迁徙习性改变，甚至还有依赖人类喂食的疑虑等。 不过，来自美国奥勒冈州立大学（Oregon State University， OSU）的最新研究却发现，即使是在能量需求高的冬天，...,阅读(6),1
被始祖人类收编的去势病毒，竟成为人类繁衍的关键基因 ？,胎盘中母体细胞和胎儿细胞的交界处，有一种蛋白质具有非常特殊的功能。 合胞素（syncytin）位于这个接口上，在母体与胎儿交换养分和废弃物时，担任像是分子交通警察的工作。 许多研究指出，这种蛋白质对于胚胎的健康极为重要。 有一群科学家造了合胞素基因有缺陷的小鼠，这种小鼠的生长活动...,阅读(6),1
「求精」的果蝇！ 情欲交流后择偶变得更挑剔？,繁衍后代是生物的大事。动物在两性生殖行为中，耗费资源比较少的那边（通常是男方），一般没那么在意对象，更重视多多尝试，啊嘶～；耗费资源更多的那边付出较多（通常是女方），会更加谨慎择偶。然而，谨慎过头也有风险，等呀等呀等呀，万一一直等不到够好的对象怎么办！？ 等到花儿都谢了⋯⋯图／G...,阅读(7),2
看过"水熊虫"走路吗？ ——它的步态与 50 万倍大的昆虫很相似！,不到一毫米身长的水熊虫，是一种多细胞微小的生物，在18世纪被科学家发现，归类于缓步动物门，目前全球被发现大约有1000种，栖息地在淡水沉积物、苔鲜类的水膜以及少数种类栖息于海水的潮间带，在喜马拉雅山脉或深海都可以发现它们的身影。 听起来毫不起眼... 吗？ 那你就错了，它可是目前...,阅读(10),0
睡眠作息提早一个小时，就能降低忧郁缠身的机会？,你有听过"时型"（chronotype）吗？ 我们每个人都有自己的时型，代表自身专属的昼夜节律，或者也可以解释为你一天中活动、睡眠的作息倾向。 先前研究显示，晚睡晚起的「猫头鹰」类型不论睡眠时间多长，忧郁的机率都是早起「云雀」型的两倍之多。 但受限于样本数量不够，未考量潜在干扰因...,阅读(8),1
铲屎官们听令！ 猫咪如何透过 20 种叫声支配人类？,各位铲屎官你能分辨喵星人何时开心，何时在生气吗？ 根本不行啊，毕竟喵星人这么难以捉摸！ 给你提示，其实关键就在于它们的叫声。 图/Pixabay 喵星人除了大家熟悉的喵喵声外，其实还有隐藏版的 19 种叫声。 而这些叫声的背后，都代表着喵星人当下的心理状态。 想不到吧！ 竟然有研...,阅读(7),0
“哭丧棒”原来有竹杖和桐杖之分,“哭丧棒”是古时父母过世后，出殡时孝子所持表示悲哀之杖，今天有些地方的农村尚有此遗制。不过今天口语中使用的“哭丧棒”一词，更多的是取其象征意义，用来诅咒持棒人父母双亡，属于民间詈骂之辞。 “哭丧棒”是古代丧礼中的必备物品之一。为什么孝子必须手持此棒呢？《礼记·问丧》解释得非常清楚...,阅读(6),3
没有疼痛的世界真是幸福的吗？,痛经恐怕是阻碍中国少女们过上幸福生活的一大阻碍，不知道有多少女孩子为此祈祷自己下辈子生成男儿身。关于痛经的成因至今也没有很权威的结论，有人会将其归咎于东亚人体质的问题。实际上，欧美的女孩子也同样受到痛经的困扰，只不过她们更偏好服用止痛药来缓解疼痛。 止痛药是人类伟大的发明，当然发...,阅读(4),0
恐龙称霸地球的秘诀，竟是牙齿自带避震器？,《侏罗纪公园》系列电影掀起大家对恐龙的好奇，但其实科学家早就在研究远古时代的各种生物。以恐龙为例，平均每星期会发现一种新种恐龙，每年大约会发现五十种新种恐龙。而在探讨物种起源及鉴定远古生物领域，同步辐射分析技术也展现了它的独特价值。 例如，南非威特沃特斯兰德大学（Universi...,阅读(6),2
防弹衣跟T恤一样轻？用了蜘蛛丝就可能！,在《蜘蛛人》系列电影中，蜘蛛人靠着强韧的蜘蛛丝，不仅可以飞檐走壁，还能当成武器来攻击敌人、拯救世界；现实世界中，蜘蛛靠着蜘蛛丝捕捉猎物、保护自己……，每一根蜘蛛丝都蕴藏着大千世界的无穷奥妙，一直是科学家相当着迷且亟欲破解的自然界奥秘，可说是相当热门且历史最悠久的仿生材料研究主题。...,阅读(6),1
章鱼不只会故意攻击其他鱼类还喜欢互相扔东西,章鱼会互相「投掷」淤泥 很多水族馆或研究机构被章鱼的调皮捣蛋搞得七荤八素，这已不是新奇的新闻事件，像是故意玩逃脱秀、爬到隔壁缸偷食物、对讨厌的工作人员喷水、堵塞排水系统、喷水破坏电灯……等事件都层出不穷，章鱼甚至能从罐子里自行开罐逃脱，连人类为了防止小孩打开的特殊药罐都知道该怎么...,阅读(10),2
未来医疗将利用人工智能对疾病进行早期检测和治疗,  人工智能植入人体 人工智能AI在未来或许能从根本上来改变医学和医疗保健系统，在机器学习的帮助下，可以分析心电图、脑电图或X光图象等病患的诊断数据，再根据数据的细微变化在早期就发现疾病，不过要将人工智能植入人体仍然是一项重大技术挑战。德累斯顿工业大学光电系主任以及科学...,阅读(8),5
黑洞周围的「戴森球体」可能是外星文明的能量来源,戴森球的巨型球体结构 戴森球是一种的巨型球体结构，它完全包围住太阳（或任何其他恒星）以利用其能量，对于人类来说，建立一个戴森球将是一个技术上的飞跃，戴森球体可以帮助我们从行星物种转变为星际物种。研究人员曾提出如果在黑洞周围建造像戴森球那样的东西，也会取得很多能量吗？这个答案是肯定...,阅读(6),2
“丑爆了”？不，它们才是祖先称霸雪原的必备硬件,如果你曾留意过，就会发现欧洲人无论是大人还是小孩，都是清一色的标配“双眼皮”。而且仔细一想，还真的找不出几个单眼皮的欧美人，不信你可以在脑内搜寻一遍。在欧美等地，他们根本不知道单眼皮为何物，也不会去区分单双眼皮。所以如果将在亚洲风靡的“双眼皮整容手术”搬到这些地方去开业，基本上可...,阅读(8),1
不爱吃“苦”？ 你可能已经赢在起跑线上了,可以肯定，这世上就没有一个人是天生爱吃苦的。这种对苦味的厌恶，是刻在我们基因里的。就像天生爱甜味一样，你绝对找不出一个喜欢苦味的孩子。从婴儿品尝苦味食物时的表情，你就能看出问题了。他们的第一反应几乎都是皱眉，并用舌头将这恶心的玩意儿往外推。而民间的断奶方式之一，就是在乳房上涂抹黄...,阅读(6),0
明明卵生也能传宗接代，为何人类非要忍受胎生的煎熬？,想必大多数人小时候都思考过一个问题：我是从哪里来的？不少人从父母那获得的答案也五花八门，有天上掉下来的、垃圾堆里捡的、石头里蹦出来的，等等。直到长大后，我们才清楚是母亲经过十月怀胎生下了自己。可能有人会好奇，人类为什么要选择胎生呢？明明产卵下蛋能繁衍后代，为什么非得经历一段更痛苦...,阅读(6),3
人类褪毛简史：为什么我们没有体毛？,毛发，是哺乳动物的一个重要特征。就算是看上去通体光滑的裸鼹鼠、大象、河马，甚至是鲸类也不例外。尽管为了适应环境，它们已褪去了大面积的皮毛，但在一定程度上还保留着毛发。 而在哺乳类动物中，人类的头发长度是其他动物无法企及的。细心的朋友应该都发现了这么一个事实，那就是人如果不理发，头...,阅读(6),2
人类除了聪明就一无是处？能跑死你家的狗也是一种能耐,人类，可以说是最喜欢挑战极限的动物了。博尔特用9秒58完成了百米冲刺，成了地球上跑得最快的人。但说来让人泄气，这速度，竟还不及猎豹的二分之一。在人们的印象中，人类的运动能力在动物界基本不值一提。除了短跑比不过猎豹，人类登山还不如山羊、游泳不及鱼类、爬树不比灵长类，在力量上更是被各...,阅读(6),2
至少要多少人才能延续文明？孤岛效应或许正在扼杀人类文明,许多科幻灾难电影，都会有一个灾后重建的设定。全球人类的命运，最后总会落到一小部分人的身上。他们每一个人身上，都肩负着重建整个人类文明的使命。那么，劫后余生最少需要多少人才能维持现有文明？ 在《圣经》中，只需亚当、夏娃两人，就足够孕育后代了。但这在理论上，当然是不可行的。只需要一代...,阅读(6),0
动物都有固定发情期， 为什么人类却一年365天都在发情？,“春天来了，万物复苏，又到了动物们交配的季节。” 赵忠祥老师在《动物世界》中告诉我们，几乎所有雌性动物都有一个固定的性欲冲动期。在生理上，雌性动物的乳房、生殖器官会肿胀，身体散发特殊气味等。它们不但会接受雄性的求偶，还会故意做出各种撩人的姿态，吸引异性。 这正是我们常说的“发春”...,阅读(6),0
为了成为“行走的表情包”，人类究竟做了多少努力？,喜怒哀乐，是我们每天都在呈现的表情。那么人类的面部究竟能传达出多少种独特的表情呢？一项科学研究给出的答案是：至少21种。 “面带微笑的厌恶”“悲痛的愤怒”“开心的惊讶”等，真不愧是“行走的表情包”。研究还指出，人类在做表情时，表现出了惊人的一致性。 比如在表达快乐表情时，99%的...,阅读(6),2
有什么惊悚的神秘现象，能用现代医学来解释？,在被判定为死亡后，一名西班牙男子被送上了尸检台。法医认真地用笔在他的身上标好记号，以便进行解剖。刚要开始时，动刀的医生突然接到紧急通知，便离开解剖室。可当他再次回到解剖室时，居然听到了一阵阵微弱的打鼾声。一开始他以为是幻听，结果进去一看被吓了一大跳。谁能想到，发出鼾声的竟是刚才那...,阅读(4),81
为什么尝尽百味的舌头，却连可乐雪碧都分不清？,不看不闻的情况下，你还能分辨出可乐、雪碧和芬达吗？我们的第一反应肯定是觉得可以，毕竟三者的口味相差太大了。但现实是，绝大多数的人都是无法准确辨认出来的。（不信的话你可以试试） 在平常生活里，你应该也注意到了这个现象。那就是，感冒时不仅闻不出什么气味，就连吃东西也没有什么味道了。这...,阅读(2),4
死细胞组成的头发，真可以上演“一夜白头”这种魔幻戏码吗？,没有什么词比“一夜白头”用来形容一个人焦虑到极点的状态更合适了。你会在小说里、电影里甚至是社交媒体或网络社区里看到关于一夜白头的案例。白发魔女、想要当食神的史蒂芬·周，这些可能是大家很熟悉的经典案例。不过，今天不打算说这些虚构的故事，毕竟这些故事是作者加工创作出来的。那么以现代科...,阅读(5),2
掰手指一时爽，一直掰，得“诺奖”,小时候常学着电视剧里的古惑仔把手指关节掰得咔咔响，感觉无比威风。这时，长辈的一句话可能瞬间浇灭你的霸气。“经常掰手指，以后可是会得关节炎的！”这话听着还是有些让人后怕的，但是一个当时20多岁的美国人偏不信。他倔强地掰了50年手指，最后在“搞笑诺贝尔奖”颁奖礼上对他妈喊话：“妈妈，...,阅读(13),5
 为什么贵为大英王子， 却长出了最受鄙视的“生姜头”？,基因是强大的。英国皇室的王子们，几乎都没有逃过秃头的魔掌。每次亮相，这个家族后移的发际线都备受瞩目。但说到皇室的基因遗传，细心的人必然还能发现哈里王子的一头红发。红发，本身就是世界上最罕见的发色。而哈里则是整个英国皇室中，唯一一位拥有红头发的王子。 看看其他家族成员，无论是其哥哥...,阅读(4),3
在母亲体内迷路数十年，有些胎儿打算永远长住下去,1582年5月16日，法国桑斯镇的科隆莫·查蒂夫人去世，享年68岁。即便查蒂夫人已去世，大众对她的身体依然充满了好奇。因为坊间传闻，她的肚子里还住着28年前怀上的孩子。这听起来，就像一个极其不靠谱的恐怖谣传。然而，事情并不简单。因为，28年前的那次“假分娩”实在过于离奇。 她怀胎...,阅读(4),3
减少电子垃圾 可被水溶解的智能手表,（Photo by 30daysreplay Germany on Unsplash） 近年来，越来越多人开始使用智能手表及运动手环等智能穿戴装置，因此这类装置的产量也不断提升。 但由于不易拆解与回收，当这些穿戴装置被汰旧换新时，往往会成为电子垃圾，造成环境负担。 为了顺利回收此...,阅读(7),2
经过长久驯化，狗的认知能力近似人类婴儿？,（Photo by Andrew Schultz on Unsplash） 家里有养狗的读者们，是不是常觉得你的狗与你最心有灵犀，而且默契十足呢？ 不用怀疑，事实正是如此！ 近期，来自美国杜克大学（Duke University）的研究团队，在比较狗、狼幼崽解读人类讯息的能力后，...,阅读(7),1
“无它”原来是古人相见的问候语,“无它”一词，今天更多地写作“无他”，而且口语中极少使用，多用于书面语，意思是“没有别的”，或者表示没有二心，专一。但是在古代，这个“它”字可是大有讲究。 《说文解字》：“它，虫也。从虫而长，象冤曲垂尾形。上古草居患它，故相问无它乎。”其实，“它”就是“蛇”的本字。上古时期，人们...,阅读(2),0
“阁下”为何是敬称,在一些隆重的场合或者问候的书信中，常常尊称对方为“阁下”。这个称谓是怎么来的呢？ 首先需要辨析的是，在古代，“阁”和“閤”是两个完全不同的字。“阁”是“所以止扉者”，开门之后，为了防止门扇自动合上，用两根长木桩放置到门扇两旁，这两根长木桩就叫“阁”；而“閤”是“门旁户也”，大门旁...,阅读(1),0
“鼓噪”原来是军事术语,“鼓噪”在今天多用作贬义词，意思是起哄、喧嚷、煽动，不过这个词最初却是一个军事术语。 周代有大司马一职，掌邦政。仲冬（冬季第二个月）的时候，大司马负责“大阅”，大规模地检阅军队，检阅完毕后，按照军队的建制前往野外狩猎。《周礼》中有两句话描绘了“鼓噪”的场景：“及所弊，鼓皆駴，车徒...,阅读(2),0
绝地求生： 大眩晕——游戏背后原始的现代病,如果想要让一种病症成为社会关注的焦点，那最好的办法就是将它捧为所谓的“现代病”。癌症、糖尿病、痛风这些常被人们以“现代”标榜的疾病确实在近几十年里呈现爆发式增长。可但凡对这些疾病有所了解就一定知道它们非但不现代甚至非常古老，只不过是在现代较高的发病率和确诊率让它们显得很像“新生儿...,阅读(5),0
葡萄牙研究人员在老鼠身上找到前所未见、燃烧内脏脂肪的系统,对老鼠做的一系列新实验揭晓了一个关键过程，关于大脑与免疫系统是如何沟通来燃烧掉深藏的内脏脂肪（visceral fat）。这是第一次，科学家们辨识出直接连接到脂肪控制的神经－免疫途径，而虽然这些发现目前仅限于老鼠，但研究作者们对于这个系统延伸到其他哺乳动物身上亦抱持希望，例如人类...,阅读(10),1
蛀牙的新救星？「以牙还牙」的仿生技术让自行牙齿重生！,害怕看牙医的你，恐怕也曾遇过蛀牙拔牙的噩梦——诊疗室传来令人头皮发麻的鑽声、麻药刺鼻的味道、金属器具在口腔中敲敲戳戳的动作让人全身颤抖……所有的一切，都让人不想再经历第二次。不过现在，害怕蛀牙的人有福了！科学家研发了一种可以促进牙齿釉质再生的产品，为蛀牙疗法提供了一个全新的解方。...,阅读(8),0
睡眠质量差？可能是饮食的原因,今年不是个睡觉的好年头。 由于新冠疫情，学校和工作的中断，还有充满争议的大选季导致了无数个失眠之夜，睡眠专家鼓励人们采取各种措施来克服压力导致的失眠。他们的建议包括：定期锻炼、养成每晚的睡前习惯、减少看屏幕和社群媒体的时间。 但很多人可能忽略了导致睡眠质量差的另一个重要因素：饮食...,阅读(12),0
爸爸去哪儿？从「他为的人为障碍症」谈在家庭中缺席的父亲,当临床实务工作者，如：医师、心理师、社工师等，针对在教养上有困难的主要照顾者提供亲职咨询或是亲职咨商服务时，常常会发现服务对象有极高的比例为女性（不限于儿童的生母）。 为什么前来寻求相关服务的，大多都是女性？ 相信在不少人心中，即使我们的社会离真正的性别平等可能还有一段距离，但至...,阅读(83),2
色字头上一把刀，网络色情成瘾如何影响大脑,网络色情成瘾 在本章的最后，我们会从两个角度探讨色情内容可能造成的伤害，它会让人犯下色欲之罪: 过度观看会对脑部功能造成冲击，而且也会对文化常规带来不良影响。 青少年男孩看了太多色情内容会怎么样？最好的归纳总结，可能来自于意大利男性生殖医学与性医学学会（Italian Socie...,阅读(42),6
 非男即女？人类的基因世界哪有这么简单,出生的那一刻，有两个问题是所有人都会关心的：一是产妇是否平安，二是孩子的性别。这时，只需要拉开小宝宝双腿一看便知究竟。之后，这个通过肉眼观察外生殖器判定的性别，便会被写进身份证，伴你一生。但某些情况，却让医生和助产士都感到为难。这时，已不是看其“带把儿或不带把儿”，就能找到答案了...,阅读(4),0
孕妇终极悖论：止不住的孕吐，吐掉的却是给胎儿的营养,人为什么会呕吐？呕吐其实是人类在进化中获得的一种防御机制。呕吐本身不是病，而是有病的症状，甚至能减轻病情。呕吐最常见的原因是食物中毒，其能将有毒物质吐出，减少毒素被人体吸收的量，从而降低对人体的伤害。而将胃里东西吐出后，人体甚至还会感到前所未有的轻松。由于具有镇痛作用的内啡肽（类...,阅读(8),0
在历史上，有什么教科书级别的谣言？,几乎每一个有舌头的人，都看过那张神奇的味觉地图。简单来说，就是舌头的不同部位，负责品尝出各种不同的味道。其中舌根尝苦、两侧后半部尝酸、两侧前半部尝咸、舌尖尝甜。 某些情况下，有些知识还是老师教给大家的，完全是“教科书级别”的常识。 难道大家都不想知道是“为什么”吗？事实上，这又是...,阅读(4),0
无人能打破的世界纪录， 身高2.72米，巨人的背后尽是忧伤,说起身高，姚明在中国人心中已是一个标志。在NBA，比他高的球星用一只手都能数得过来。无论站在哪里，他都有一种鹤立鸡群的感觉。确实，身高给他的职业生涯带来了一定的优势。但繁重的比赛和训练，同样让他变得异常脆弱，频繁受伤。即使有2.26米的身高，也这并不代表他的骨头就比普通人硬。加上...,阅读(4),2
“癌症杀手”真的会是“读心专家”吗？,你见过不用充电不用电池的机器人吗？ 还真有！ 2018年韩国首尔大学的研究者研发了一款名为“Hygrobot”的微型机器人。这款机器人不仅能够爬行和前后蠕动，还能像蛇一样自如地蜷缩。更神奇的是，它不需要电池，也不需要充电，而是靠吸收空气中的湿气来为自身提供能量。 单纯从外观来看，...,阅读(4),11
AI能把抑郁症治好吗？,近些年来，“抑郁症”一词越来越多地被人们提起，不少名人都曾表示陷入过抑郁症的痛苦，而抑郁症患者不堪病痛而自杀的新闻也屡见不鲜。 生命的“陨落”，无疑给人们敲响了警钟。抑郁症高发，我们要如何去防治？如果我们能检测出潜在的抑郁症患者，及时进行心理疏导，是否能够有效地减少这类悲剧的发生...,阅读(54),0
“会计”的称谓是怎么来的,今天的财务人员统称“会计”，这个称谓非常古老，可以一直追溯到周代。 周代时，大宰和小宰这两种官职的官员，要会集有关的工作人员，对收支情况进行统计，每月终统计一次叫“要”，每年终统计一次叫“会”，即《周礼》所言：“司会，中大夫二人。”郑玄说：“司会，主天下之大计。”司会这个官职主持...,阅读(2),0
“男女授受不亲”是怎样演变的,男女授受不亲：授，给予；受，接受；不亲，男女之手不能接触。这句话的本义是男女之间不能手递手地传递东西。 “男女授受不亲”一语出自《礼记·坊记》：“子云：‘好德如好色。诸侯不下渔色。故君子远色以为民纪。故男女授受不亲。’”孔子在《论语》中说“吾未见好德如好色者也”，我没有见过爱好德...,阅读(1),0
“分庭抗礼”为何形容平等相待,“分庭抗礼”这个成语常被人误解，原因有二：一是只能用于上对下，而不是相反，试想，也只有居高位者方能对居低位者平等相待；二是“抗礼”的“抗”总是给人一种对抗的感觉，其实不然，“抗”是对等的意思。 “分庭”，宾主分处庭院两边，主人居东，客人居西；“抗礼”，又写作“亢礼”、“伉礼”，以...,阅读(1),1
罕见病不再罕见，AI真的能让患者享受生命尊严吗？,说起冰桶挑战，想必大家都很熟悉，这项挑战自2014年发起，旨在让更多人了解被称为渐冻症的罕见疾病，同时也达到了募款帮助患者治疗的目的。渐冻症因为名人的加入而有了关注度，但其他的罕见病却没那么“幸运”，在罕见病的目录中，更多的是那些不被人关注甚至被人歧视的罕见病症。 虽然不被重视，...,阅读(10),0
被避讳的妇科，AI能让她摆脱尴尬吗？,女性健康已经日益受到大众尤其是女性群体的关注，自然，在女性健康意识越来越强的背景下，AI+妇科也被提上了日程。 从“妈妈”到“大姨妈”：涌现的智能妇科产品 近年来，针对女性医疗保健的智能产品越来越多。我们梳理市面上的智能妇科产品，大致可以将其分为以下3种类型： 1. 生育型 因为...,阅读(6),0
“簪缨世家”为何代指显贵人家,“簪缨世家”、“簪缨世族”、“簪缨门第”都是比喻高官显贵之家。“簪缨”到底是什么东西？为什么能够代指显贵人家呢？ 先说“簪”。杜甫有“白头搔更短，浑欲不胜簪”的名句，“簪”是用来插定发髻或固冠的长针形首饰。东汉学者刘熙《释名·释首饰》：“簪，兟也，以兟连冠于发也。”将冠固定在头发...,阅读(3),8
蘑菇只在秋天生长？,秋天、冬天、春天、夏天……人们全年都能找到蘑菇。 秋天，毋庸置疑，是研究蘑菇的专家最喜欢的季节，因为在这个季节，热度和湿度有利于土壤里菌丝体纤维的生长和新蘑菇的形成。9月到11月，人们可以在欧洲的树林里、草地上找到6000个大类蘑菇中的大部分蘑菇，但不是全部。因为有些蘑菇会在寒冷...,阅读(3),2
“阴沟翻船”的“阴沟”为何会翻船,中国民间俗语中有“阴沟里翻船”的说法，比喻在最有把握的地方出了问题，属于完全不该有的失误。说起来很顺口，但是仔细一想问题就来了：阴沟里怎么会行船？如果阴沟里不能行船，又怎么会翻船呢？ 我们先来辨析一下“阴沟”的由来。五代时人丘光庭所著《兼明书》中说：“凡沟有露见其明者，有以土填其...,阅读(1),2
太空生子什么时候才能实现？,埃隆·马斯克每次开新公司总是从图的最右边开始确定目标，然后一直推导到左边 通常在一个行业变得热门之前，并不是缺乏让其“燃烧”起来的“木头”，而是缺乏可以“燎原”的“火星”——总有一些技术上的短板阻止一个行业的快速起飞。所以，马斯克建造一家公司的核心初期战略都是创造能“点燃”整个行...,阅读(4),0
“尸位素餐”的“尸”不是指尸体,“尸位素餐”是一个常用的成语，形容空占着职位，空食着俸禄，却什么事也不做。很多人都把“尸位”理解成尸体所占的位置，这是错误的。在古代，“尸”是非常重要的祭祀礼仪。 《说文解字》：“尸，陈也，像卧之形。”这个“尸”的本义可绝对不是尸体，而是“陈也”。什么叫“陈”？段玉裁解释道：“祭...,阅读(2),1
“得饶人处且饶人”原来是指下棋让先,“得饶人处且饶人”的“饶”字，今天一概解释为宽恕、容忍，能够宽恕、容忍对方的地方不要死揪住不放，要留有余地，事情不要做绝。如此一来，“得饶人处且饶人”就成了一种事后行为，即事情发生之后要宽恕别人。但其实，“饶”是“让”的意思，让人在先，是事情发生之前的行为。 “得饶人处且饶人”这...,阅读(1),0
“文身”原来是为避蛟龙之害,蔡元培先生在《民族学上之进化观》一文中说：“例如未开化的民族，最初都有文身的习惯，有人说，文身是一种图腾的标记，有人说，文身是纯为装饰。然即前说可信，亦必兼合装饰的动机。文身之法，或在身体各部涂上颜色，或先用针刺，然后用色。” 蔡元培先生所说的文身的两种功能，“图腾的标记”和“纯...,阅读(1),4
AI真的能预测死亡时间吗？,对于一些重病患者而言，“死亡”这个话题虽然十分沉重，但也需要预留空间去探讨和适应。如果可以精准预测患者的“死亡”，是否能给予他们这个预留空间呢？ 美国斯坦福大学开发了一个预测死亡时间的AI系统。这个AI系统整理了近200万名成人和儿童患者的电子健康档案数据，以及相关的医学诊断信息...,阅读(4),2
“冬烘先生”为何称“冬烘”,“冬烘”是民间俗语，日常口语中常用，讽刺人迂腐浅陋。“冬烘先生”当然就是指迂腐浅陋的人，过去常用来讽刺私塾里不问世事的教师。“冬烘”一词的出处很多人都知道，但是为什么称“冬烘”，不仅人们不知道，所有的辞典也都没有解释。 “冬烘”一词出自唐代一个有趣的故事。五代时人王定保所著《唐摭...,阅读(3),0
“开天窗”原来是比喻侵吞财物,今天人们日常俗语中的“开天窗”一词，是指有些国家实施新闻检查，某些报导或言论禁止发表，报纸版面上只好留下成块的空白，称之为“开天窗”。但是在明清的民间谚语中，这个词却是用来比喻侵吞财物的行径。 明代著名藏书家郎瑛在所著《七修类稿》的“奇谑类”中讲了一个有趣的故事，是为“开天窗”这...,阅读(1),1
这些心理实验告诉你， 为何关系不好毕业时还要痛哭一场？,你有没有经历过军训结束后，大伙对教官依依不舍，哭得不能自已的场面？又或者是在毕业晚宴上，同学们抱头痛哭，恍如经历一场生离死别的情景？那一刻，你若是看到某个人无动于衷，可能还会认为对方冷血。可如今，同学大多不再联系，也早就忘记了教官长啥样。仔细回想，你当时之所以会哭可能并不是因为感...,阅读(4),1
“授人以柄”最早竟然指彗星,《汉书·梅福传》中收录了梅福给汉成帝的上书，其中写道：“至秦则不然，张诽谤之罔，以为汉驱除，倒持泰阿，授楚其柄。故诚能勿失其柄，天下虽有不顺，莫敢触其锋。”颜师古注解道：“泰阿，剑名，欧冶所铸也。言秦无道，令陈涉、项羽乘间而发，喻倒持剑而以把授与人也。” “倒持泰阿，授楚其柄”即...,阅读(6),1
“蜗居”原来不是形容居室窄小,今天的口语和书面语中还常常使用“蜗居”一词，比喻自己的居室就像蜗牛壳一样窄小，也用作自谦之词，比如家里来了客人，主人常常自谦地说“蜗居生辉”，跟“蓬荜生辉”的意思一样。 “蜗居”为什么会形容居室窄小呢？晚清藏书家徐时栋在《烟屿楼笔记》卷六中也提出了这个疑问，并且作了解答：“余尝问...,阅读(1),0
“时髦”原来出自古人的发型,大概很多人都认为“时髦”这个词是只有今天才使用的日常用语吧，我要告诉您：完全错误！这是传统文化断裂所造成的误解。到今天为止，“时髦”这个词早已经使用一千多年了！ 汉顺帝是东汉第七位皇帝，范晔在所著的《后汉书》中有这样的赞语：“孝顺初立，时髦允集。”描述的是汉顺帝初登皇位时，当朝的...,阅读(5),0
“唇亡齿寒”遭遇的性生活反击,众所周知，“唇亡齿寒”的典故出自《左传·僖公五年》：“晋侯复假道于虞以伐虢。宫之奇谏曰：‘虢，虞之表也。虢亡，虞必从之。晋不可启，寇不可玩，一之谓甚，其可再乎？谚所谓辅车相依、唇亡齿寒者，其虞、虢之谓也。’”辅，颊骨，可以辅持口腔；车，牙床，牙床上装满了牙，就像车上载满了东西一样...,阅读(1),0
“宇宙”本来指屋檐和栋梁,今天使用的“宇宙”一词，是指包括一切天体在内的无限空间，这个含义是近代以来才被赋予的。而在中国古代，这个词所表示的范围非常狭小，甚至狭小到了令人吃惊的程度。不过即使如此，这个词也包含着今天这个义项的因子。 《说文解字》：“宇，屋边也。”《周易·系辞下》说：“上古穴居而野处，后世圣...,阅读(1),0
拒绝开颅，AI能扩充人的脑容量吗？,还记得《最强大脑》第四季中那一场人机对战吗？在那一期节目中，镜头扫过，名人堂里的“超级大脑”们面露难色，没有人敢上去应战，尴尬的气氛简直都要溢出屏幕了。这一次“人机大战”也把“人类不敌机器”的话题推向了高潮。 事实上，现在说人类敌不过机器还为时过早，但AI在有些方面确实还是占据了...,阅读(8),0
“堂皇”原来指盛大的厅堂,“堂皇”一词，如今多用于“富丽堂皇”和“冠冕堂皇”。“富丽堂皇”是褒义词，形容宏伟华丽，气势盛大；“冠冕堂皇”则是贬义词，形容表面上庄严正大，其实徒有其表，虚张声势，装腔作势而已。在今天的语境中，“堂皇”毫无疑问是形容词，但是鲜为人知的是，“堂皇”最初却是名词，指盛大的厅堂。 据...,阅读(5),1
“寿终正寝”的“正寝”是什么地方,形容老年人安然逝世的“寿终正寝”这个成语，“寿终”容易理解，《释名·释丧制》：“老死曰寿终。寿，久也；终，尽也。生已久远，气终尽也。”“正寝”则不容易理解，很多人以为就是安然睡去的意思，其实大谬，“正寝”是指具体的处所。 那么，“正寝”究竟是指什么地方呢？这要从古代帝王的宫寝制度...,阅读(1),0
“妖孽”本来不是形容女色,“妖孽”这个称谓，如今是比喻邪恶的人，尤其比喻女色。一提起“妖孽”，男人们的眼前立刻就会浮现出一位艳丽而妖冶的女子的模样，这是男权社会所产生的男性性心理的潜移默化。但是在古代，“妖孽”最初却不能用来形容人。 《礼记·中庸》篇中有一句著名的话：“国家将兴，必有祯祥；国家将亡，必有妖...,阅读(1),0
宠物智能医疗兴起，关键问题解决了吗？,中国有多少家AI+宠物医疗的公司呢？ 数量上，恐怕还不到一个省内医院总数的1/3。 让宠物医疗拥抱AI，我们有多少个迈向这个领域的动力，就有多少个放弃的理由：论蛋糕大小，“它经济”远远比不上“他经济”和“她经济”；在智能领域，宠物医疗的战略性意义也远不及人类的医疗、安防、教育等领...,阅读(4),0
“出恭”为何代指上厕所,委婉语不仅是一种语言现象，也是一种社会文化现象，考虑到避讳、禁忌、礼貌等问题，而采用的一种婉转或温和的语言方式，以减轻粗俗的程度。比如上厕所的表述方式，在今天的日常口语中，使用最多的委婉语是“解手”，通常的说法是明初北方大移民，官吏将移民的手绑在一起，串成一串，押解上路，防备他们...,阅读(1),0
作诗的AI机器人为什么能骗过行家？,“微明的灯影里/我知道她的可爱的土壤/是我的心灵成为俘虏了/我不在我的世界里/街上没有一只灯儿舞了/是最可爱的/你睁开眼睛做起的梦/是你的声音啊” 你喜欢这首诗吗？这首诗节选自北京联合出版公司出版的诗集《阳光失了玻璃窗》，而诗集的作者并非人类，而是一个AI机器人——微软小冰。 其...,阅读(4),0
“梧桐引凤”为何能引来金凤凰,俗话说“栽下梧桐树，引来金凤凰”，比喻招揽人才。但是为什么只有梧桐树能够引来凤凰，别的树为什么引不来呢？这是因为在中国古代，梧桐和凤凰是一对紧密相连的意象。 凤凰是古人心目中的百鸟之长，《大戴礼记·易本命》载：“有羽之虫三百六十，而凤凰为之长。”《说文解字》则引用更古老的说法：“...,阅读(3),0
“玉树临风”的“玉树”原来是槐树,“玉树临风”这个成语是形容男人像玉树一样风度潇洒，秀美多姿。比如杜甫的名作《饮中八仙歌》，其中赞叹崔宗之“宗之潇洒美少年，举觞白眼望青天，皎如玉树临风前”。但是“玉树”到底是什么树？很多人都以为真的是玉制成的树，各种辞典也从不多加解释，默认了这种误解。 扬雄在《甘泉赋》中吟咏道：...,阅读(1),0
“星期”原来指浪漫的婚期,今天的“星期”一词，仅仅是计算每周日子的单位。星期制最早由古巴比伦人创制，后来传入世界各地，成为今天通用的时间单位。中国古代以日、月、火、水、木、金、土七曜计日，后来传入日本，日本和韩国至今还在使用这种计日方法，而中国早在清末就已经开始使用星期制了。 鲜为人知的是，“星期”一词属...,阅读(1),0
为什么尝尽百味的舌头，却连可乐雪碧都分不清？,不看不闻的情况下，你还能分辨出可乐、雪碧和芬达吗？我们的第一反应肯定是觉得可以，毕竟三者的口味相差太大了。但现实是，绝大多数的人都是无法准确辨认出来的。（不信的话你可以试试） 在平常生活里，你应该也注意到了这个现象。那就是，感冒时不仅闻不出什么气味，就连吃东西也没有什么味道了。这...,阅读(4),3
“睥睨”竟然是女墙的代称,“睥睨”是一个书面语，形容斜视的样子，有厌恶、轻蔑或高傲之意。比如睥睨一切、睥睨众生、睥睨千古等词，简直高傲到了极点。但是令人不可思议的是，这个词最早却是名词，而且特指女墙！ 女墙也叫女儿墙、女垣，是古时城墙上面呈凸凹形连续排列的齿形矮墙，作用是守城士兵瞭望来犯之敌，同时又可作掩...,阅读(3),0
“身怀六甲”为何表示怀孕,“身怀六甲”表示女人怀孕，但六甲到底是什么东西，六甲又如何跟怀孕扯上关系，所有的辞典和语言学家都没有解释清楚。更多的都是根据传说，比如说甲子、甲戌、甲申、甲午、甲辰、甲寅，这六个甲日是上天创造万物的日子，也是妇女最容易受孕的日子，故称女子怀孕为“身怀六甲”。比如说六甲六丁神，六甲...,阅读(1),0
“桥梓”为何比喻父子,清人王永彬在《围炉夜话》中说：“古人比父子为桥梓，比兄弟为花萼，比朋友为芝兰。敦伦者，当即物穷理也。”今天的人们已经不知道“比父子为桥梓”，更别说为什么会有这样的比喻了。 《尚书大传》是一本早已失传的书，只有零星片段被后世的书所引用，因而保存了一些内容。中国最早的诗文选集《文选》...,阅读(1),0
挖掘“黑马级”的智能医疗器械市场，难在哪了？,“假如没有症状，国内大多数患者都不会主动要求做胃镜检查。”中山大学第六附属医院的医生在接受采访时说道。 关于胃镜的可怕程度，许多人都有所耳闻。笔者也询问过现在在医院工作的同学，“是不是越严重的胃病做胃镜的反应就会越大？” “不一定，比如胃癌患者做胃镜就不会有丝毫反应，”他回答道，...,阅读(4),0
“女红”的“红”原来是通假字,人们都知道，妇女所从事的纺织、刺绣、缝纫等工作被称为“女红”；人们习焉不察地使用着这个称谓，但是如果询问一下“女红”的“红”到底是什么意思，“女红”跟红色到底有什么关系，相信大多数人都会哑口无言。 原来，“女红”的“红”跟红色毫无关系，“红”不是指红色，而是一个通假字，因为音同而...,阅读(2),0
“一日三餐”原来始于汉代,一日三餐，一天三顿饭，今人视之为理所当然，殊不知在汉代之前，人们一天只吃两顿饭！ 古人对吃饭有着非常严格的规定，据《论语·乡党》载，其中有一条是：“不时，不食。”意思是不到吃饭时间不能“食”。《孟子》中说：“贤者与民并耕而食，饔飧而治。”饔（yōng）和飧（sūn）都是熟食，区别...,阅读(1),0
“不孝有三”是哪三不孝,“不孝有三，无后为大”是儒家的著名格言。不孝到底有哪三不孝？无后为什么为最大？且让我们细细道来。 这句格言出自孟子之口，在《离娄上》一章中，孟子说：“不孝有三，无后为大。舜不告而娶，为无后也，君子以为犹告也。”东汉学者赵岐解释说：“于礼有不孝者三事，谓阿意曲从，陷亲不义，一不孝也...,阅读(1),0
X光脱毛、试鞋、选美， 那些玩X光的勇士最后都怎样了？,在商人们建起的保健品帝国里，任何带有高科技属性的产品都能轻易地爬上“鄙视链”的顶端，奇葩产品我们已经见得太多了。对于新兴且复杂的技术，消费者们盲目追捧的习惯其实从来就没有改变过，国内令人感到迷惑的产品层出不穷，西方世界同样半斤八两，甚至可以算是我们的“老前辈”。 百年前，X射线和...,阅读(4),0
“滥觞”原来指浮起酒杯,“滥觞”比喻事情的起源和发端。为什么可以这样比喻呢？这跟“觞”字密切相关。 “滥觞”一词出自《孔子家语》，该书最早著录于《汉书·艺文志》，历来颇多争议，或以为乃伪书，但后来的考古发现证明该书早在西汉就已有原型存在和流传。 《孔子家语·三恕》篇讲述了一个有趣的故事。子路盛装去见孔子...,阅读(3),0
“少艾”原来是指美男子,“少艾”一词出自《孟子·万章上》：“人少则慕父母，知好色则慕少艾，有妻子则慕妻子，仕则慕君。”这段话是孟子说的，赵岐注解说：“少，年少也；艾，美好也。”为《孟子》作疏的邢昺则困惑地说：不知道孟子所说的“少艾”为什么就是少女的意思，也不知道赵岐所说的“艾”为什么就是美好的意思。这个...,阅读(1),1
“希望”原来是仰望星星,人人都明白“希望”这个词，人人也都经常使用“希望”这个词。梁启超在《少年中国说》中写道：“惟思将来也，故生希望心。”“希望心”是对“希望”一词的最好解释，即“希望”生于心，心中想着、盼望着要实现某种事情。 那么，让我们试着提问一下：“希”和“望”组合在一起，为什么能够表达这个意思...,阅读(1),0
“和缓”原来是秦国的两位良医,你一定会觉得惊奇：当作平和舒缓讲的“和缓”一词，竟然是春秋时期秦国两位良医的合称！这两位良医，一位叫医和，一位叫医缓。“医”是职业，“和”、“缓”分别是其名。 医缓的故事记载在《左传·成公十年》中。“公疾病，求医于秦，秦伯使医缓为之。未至，公梦疾为二竖子，曰：‘彼，良医也，惧伤我...,阅读(1),0
“爆竹”原来真是烧竹子,中国人在春节期间放鞭炮辞旧迎新，是世界各地迎新年时最为独特的一项。鞭炮又叫爆仗或炮仗，不过这是宋代火药得到广泛应用之后的称谓，最早的时候叫“爆竹”，现在虽然使用火药制成的鞭炮，但还是沿用着这个古老的称谓。 “爆竹”其名出自南朝学者宗懔（lǐn）所著《荆楚岁时记》一书，其中记载当时...,阅读(1),0
“上乘”原来指四马共驾一车,今天把上品、上等称作“上乘”，比如上乘佳作指最上等的好作品；相应地，下品、下等称作“下乘”，比如落入下乘指落入最下等。此处“乘”的读音为chéng，但是在古代，“上乘”的“乘”读音为shèng，而且含义跟今天完全不同。 《左传·哀公十七年》载：“十七年春，卫侯为虎幄于藉圃，成，求...,阅读(1),0
“说项”原来是夸姓项的人,“说项”这个俗语，今天的意思是替人求情或者替人说好话，比如“代人说项”。“说项”为什么会有这样的意思呢？其中的“项”字又作何解？相信很多人都不知道。 原来，“说项”的“项”是指一个人，这个人叫项斯，唐代中晚期诗人。项斯生性疏旷，隐居三十余年，就松阴，枕白石，饮清泉，纵情山水，吟诗...,阅读(1),0
“步骤”原来是指由慢走到快跑,“步骤”一词，今天最常用的义项是步伐和事情进行的程序、次第，不过在古代，“步”和“骤”分别指慢走和快跑，而且还用于政事的比喻。 “步骤”一词出自《荀子·礼论》：“故君子上致其隆，下尽其杀，而中处其中。步骤、驰骋、厉骛不外是矣。是君子之坛宇宫廷也。”隆，隆重；杀，简省；骛（wù），...,阅读(1),0
阅片机器人为什么还没有被普及？,还记得你上次为了看一个X片的结果在医院排队花了多长时间吗？ 在传统医学上，医生需要把片子对着灯光一张一张地看，费时费力，而且一旦疲劳，阅片的成功率会有所下降，导致判断错误。 不过这个问题很快可能会得到解决。2018年在一档AI节目《机智过人》中，一个阅片机器人几秒内看了300多张...,阅读(4),2
“琵琶别抱”为何比喻妇女改嫁,“琵琶别抱”是一个非常古雅的词，而且看似委婉地比喻妇女改嫁或再婚。各种辞典都把这个词的语源归于白居易著名的《琵琶行》一诗：“门前冷落鞍马稀，老大嫁作商人妇。”“千呼万唤始出来，犹抱琵琶半遮面。”但是白居易却并没有点明琵琶女改嫁一事，“犹抱琵琶”也根本没有“别抱”的含义在内。那么，...,阅读(2),0
“素面朝天”的“天”指天子,“素面朝天”一词，今天用来形容女人出门不化妆。不施脂粉的天然容颜称作“素面”，比如李白有诗“素面倚栏钩，娇声出外头”，韦庄有诗“啼妆晓不干，素面凝香雪”，杜光庭咏西施“素面已云妖，更著花钿饰”。至于“素面朝天”，很多人都理解为不施脂粉的天然容颜朝向天空，仔细一想问题就出来了：哪个...,阅读(1),0
“如坐针毡”竟然是真的坐,“如坐针毡”是形容人心神不定、坐立不安的样子。“针毡”就是在毡子上插了很多枚尖针，试想一下，这样的毡子，人一坐上去该是何等痛苦！可是，坐上了这样的“针毡”，既然痛苦不已，早就该离开了，抬抬屁股就离开了，为什么还要继续坐着，坐立不安呢？ “如坐针毡”的“如”字表明这是一个比喻，可是...,阅读(1),2
我们距离下一个“阿尔法法官”还有多远？,随着百度、联想等公司先后进军AI领域，AI领域的爆炸式发展就进入了一个新阶段。 在设想或者已呈现的产品中，AI已经涉猎语音交互、安防、自动驾驶、医疗健康、电商零售、金融、教育等诸多领域。但把它与司法审判、纠纷解决这样严肃而传统的领域相结合，听起来有点儿像是天方夜谭。 但这已经在不...,阅读(4),0
“皇亲”、“国戚”地位差别非常大,古代话本小说或者戏曲中常见“皇亲国戚”的说法，人们多习焉不察，以为“皇亲”、“国戚”本来是一回事，孰知大谬不然，“皇亲”和“国戚”不仅有区别，而且地位判若云泥。 欲讲解清楚“皇亲国戚”，要先从“亲戚”一词入手。简单来说，“亲”是指和自己有血缘关系的人，“戚”是指和自己有婚姻关系的...,阅读(2),0
“铜臭”原来是买官钱,“铜臭”之“臭”，本来的读音是xiù，但如今已经约定俗成读chòu。“臭”的本义并不是臭味，而是气味之总名，香气、秽气皆名为“臭”。其实“铜臭”仅仅指铜钱上的一种气味，这种气味并不一定发臭，只是因为惟利是图的人眼中只有钱，才用铜钱上的臭气来加以讽刺。 鲜为人知的是，“铜臭”最早是...,阅读(1),0
他揭开了迷信的心理机制， 却无法破除自己被传虐童的谣言迷信,不可否认，断章取义是现代人容易犯的通病。人们往往在尚未了解事实前，就被情绪牵引着站好了队。即便最后真相并非人们所想，大众的看法也难以彻底扭转。至今仍有人坚信斯金纳（20世纪最具有影响力的心理学家）将亲生女儿虐待至死便是典型的例子。这个天大的误会来自1945年斯金纳发表在《妇女家庭...,阅读(4),0
“春梦”从来不用于男女情欲,在今天的日常口语中，常常把男女所做的关于性意识的梦境称作“春梦”。春天到来，万物生长，一个多么美好的意象，却屡屡被后人比附于情欲。《诗经》中“有女怀春，吉士诱之”的名句，也只是形容女子到了婚嫁的年龄，吉士向她求婚。少女怀春，自然又正常的美好情怀，到了后人口中，甚至生出“怀春之女对...,阅读(3),1
“喽啰”竟然是赞美的词,旧小说和戏曲中常常可见“喽啰”的称谓，比如《水浒传》第一回，李吉告诉九纹龙史进：“如今山上添了一伙强人，扎下一个山寨，聚集着五七百个小喽罗，有百十匹好马。”这是指强盗的部下。“喽啰”一词常见的还写作“喽罗”、“偻罗”、“娄罗”、“搂罗”，等等，都是同音词。今天的口语和书面语中也还...,阅读(1),0
外骨骼机器人能让我们秒变“钢铁侠”吗？,京东曾在头条号上发布视频，晒出京东公司为物流工作人员研发了一款外骨骼机器人，佩戴在工作人员的背部，以尽量减少频繁弯腰拿取商品造成的腰椎损伤，如图2-1所示。 无独有偶，福特公司在2018年宣布与Ekso Bionics公司合作，在美国的两家汽车工厂内对外骨骼机器人进行测试，并展示...,阅读(4),0
“弼马温”为何是养马之官,《西游记》第四回，太白金星招安美猴王，到了天庭之上，玉皇大帝询问百官哪里有闲缺的官职，武曲星君启奏道：“天宫里各宫各殿，各方各处，都不少官，只是御马监缺个正堂管事。”玉帝传旨道：“就除他做个弼马温罢。”孙悟空就此上任，担任了“弼马温”这个养马之官。 养马之官为什么叫“弼马温”？历...,阅读(2),0
“井水不犯河水”原来是天文学术语,“井水不犯河水”是一个使用率非常高的日常俗语，井水管井水的，河水管河水的，二者各不相犯。看似没有问题，但是仔细一想问题就出来了：第一，井水抽取的是地下水，如何能与河水相“犯”？第二，假如河水水位高，相应地，地下水的水位也就高，井水也就越充足，井水和河水又如何能够不相“犯”？第三，...,阅读(1),0
“顺手牵羊”原来不是贬义词,在今天的语境中，“顺手牵羊”这个成语是一个不折不扣的贬义词，顺手把别人家的羊牵走，借用来比喻趁机拿走或者偷走别人的东西，跟“趁火打劫”是一个意思。如同本书中的大部分贬义词一样，这个成语同样很冤枉，因为最初它根本就不是贬义词，只是描述一种客观状态的中性词。 “顺手牵羊”最早的雏形出...,阅读(2),2
裂脑人拥有两个独立的意识吗？,在饭桌上，如果你发现一位交情尚浅的朋友竟然是左撇子，会不会忍不住，想要聊几句左撇子的生活体验，最后再来一句“听说左撇子比较聪明”，不着痕迹地表达发现异类的快乐？要真是这样，你可能已经深受关于左撇子的“传说”的影响了。尽管歌德、居里夫人、莫扎特等名人都惯用左手，美国前7任总统中，有...,阅读(4),2
“再醮”为何形容女人改嫁,古书中常常可见“再醮”一词，用来形容女人改嫁。由于“醮”是一个生僻字，很多人都把“再醮”误看、误读成“再蘸”，不仅闹笑话，而且也无从得知为什么用作形容女人改嫁的意思了。 醮，读作jiào。既然是“酉”字旁，那么一定跟酒有关。原来，“醮”是古代冠礼、婚礼中的一项仪式，尊者为卑者酌酒...,阅读(1),0
“大相径庭”的“径庭”原来是失礼之举,“大相径庭”这个成语的意思是彼此相差极远或者矛盾极大，比如说两个人的意见大相径庭，即是说两个人的意见极为悬殊，犹如天上地下之别。那么“径庭”是什么意思？为什么会具备这样的义项呢？相信很多人都不清楚“径庭”竟然是古时的失礼之举！ “径”的本义是步行的小道，比如“另辟蹊径”就是另外开...,阅读(2),0
“结缡”为何代指成婚,古时候关于成婚的代指或美称很多，“结缡”是其中一种，而且是一个非常古雅的称谓。那么，什么是“缡”呢？ 《尔雅·释器》：“妇人之袆（huī）谓之缡。”郭璞解释说：“即今之香缨也。”周代的时候，未成年的男孩儿女孩儿都要“衿缨”，即佩带芬芳的香缨。《仪礼·士昏礼》规定，女子出嫁的时候：...,阅读(1),0
“正室”、“侧室”原来不是指妻妾,“正室”指妻，又称正房；“侧室”指妾，又称偏房。这是稍有中国历史常识的人都知道的，但是这种称谓是汉代以后的事情，在先秦时期，“正室”、“侧室”可不是这个意思。“正室”指祖庙，用来供祀祖先；“侧室”指燕寝旁侧之室，燕寝是供休息的宫室，正寝在前，燕寝在后，侧室还要在燕寝之旁。 《周礼...,阅读(1),0
如何成为安防机器人“头号玩家”？,2018年4月，安防机器人初创企业Cobalt Robotics完成1300万美元A轮融资，“机器人+安防”这个概念再次引起人们的关注。王石早在2015年就在万科园区局部启用机器人巡逻保安，但是从目前的市场格局上来看，市场正处于起步阶段，国内入局安防机器人的“玩家”并不太多，“头...,阅读(4),0
“筹码”原来跟“马”大有关系,“筹码”一词，过去指赌博时用以计胜负的物品，沿用下来称可以代替货币的票据，再延伸用来比喻决定胜负的标准。最后一个义项今天使用得最多。不过，“筹码”最初写作“筹马”，而且真的跟“马”大有关系呢！ “筹马”来自古时宴会的礼制，同时也是一项娱乐活动。这项娱乐活动叫投壶，宾主依次用箭矢投...,阅读(2),0
“平易近人”原来是形容政事简易,今天使用的“平易近人”这个成语，是形容人的态度谦和，对人和蔼可亲，没有架子，使人容易亲近。但是最早的时候，“平易近人”却不是形容人，而是形容政事简易。 “平易近人”语出《史记·鲁周公世家》。周公辅佐武王灭商后，先封于周，又迁于鲁，周公的长子伯禽就任鲁国的第一任国君，三年后才向周公...,阅读(1),0
“开荤”开的是什么“荤”,今天口语中的“开荤”一词，多用来形容第一次吃到、看到或者经历新奇的事情，“开洋荤”则程度更甚，本义与“吃素”相对，当然指素食之后开始食肉。但是“荤”这个字其实跟肉类一丁点儿关系都没有。 《说文解字》：“荤，臭菜也。”臭菜不是有臭味的菜，而是指味道浓重、辛辣的菜，所以荤、辛并举，比...,阅读(1),0
“一个鼻孔出气”实锤，连你的鼻孔都是轮班制的！,鼻塞，我们每个人都对其深恶痛绝，尤其是当你躺在床上时，犹如被塑料袋套头，不能呼吸，辗转反侧，夜不能寐。不过“身经百战”的你，应该也注意到了这么个问题。那就是，感冒鼻塞，通常只会有一边鼻孔会被堵得很死。我们可以明显地感受到，另一边鼻孔呼吸的气流量更高。而且，这种不对称鼻塞还会转换，...,阅读(4),0
“兔死狐悲”不是比喻物伤其类,俗话说“兔死狐悲，物伤其类”，此话自古至今流传甚广，以至于如今的各种辞书都把“兔死狐悲”这个成语解释为：比喻因同类的灭亡而感到悲伤。但是兔子和狐狸，一个是食草动物，一个是食肉动物，而且兔子还是狐狸的口中之食，怎么可以归为同类呢？虽然有人提出过这个疑问，但是却从来没有人解释清楚过。...,阅读(2),0
“偷香窃玉”为何比喻男女私通,“偷香窃玉”是一句习用语，常常挂在人们嘴上，用以讽刺那些男女私通的行径。但“偷香”、“窃玉”本来是两个典故，而且出典都极美，元明时期通俗文学发达，文人们遂将这两个极美的典故捏合在一起，变成了一个含义极为粗俗的词。 “偷香”典出韩寿偷香。据《晋书·贾充传》记载，西晋开国元勋贾充的下...,阅读(1),0
“喜鹊”喜从何来,宋人彭乘所著《墨客挥犀》一书中记载：“北人喜鸦声而恶鹊声，南人喜鹊声而恶鸦声。鸦声吉凶不常，鹊声吉多而凶少，故俗呼喜鹊，古所谓乾鹊是也。”这段话不仅点明了北人和南人对鸦、鹊的不同好恶，而且透露出喜鹊古时候称作“乾鹊”这一信息。为什么叫“乾鹊”？“乾鹊”又为什么叫“喜鹊”呢？ 东汉...,阅读(1),0
陪练机器人来了，你打得过那个AI吗？,更高，更快，更强！在奥林匹克精神的指引下，人类一直在探寻着自我突破之路，世界纪录在“刷新—停滞—刷新”的轮回中一次又一次试探着人类的极限。与人竞争，其乐无穷。那么，与AI比试呢？ 在首届进博会上，欧姆龙公司展示了他们的最新研究成果——乒乓球机器人FORPHEUS，这让人类在体育界...,阅读(4),1
“差强人意”原来是夸赞之辞,“差强人意”这个成语，现在的意思是勉强还能让人满意，虽然不能说是贬义词，但也绝不是褒义词。殊不知这个成语诞生的时候，却恰恰是一个褒义词！ “差强人意”一词出自《后汉书·吴汉传》。吴汉是东汉中兴名将，在著名的“云台二十八将”中排名第二。吴汉的性格强悍有力，“诸将见战阵不利，或多惶惧...,阅读(3),0
“马弁”原来出自冠服制度,过去的军阀时代，军官的护兵称作“马弁”，有时土匪的随从也称作“马弁”，旧小说中常常可以见到这一称谓。“马弁”的“弁”是什么东西？这个称谓又是怎么来的呢？ 原来，这个称谓出自古代的冠服制度。古时候把人们头上的装饰物统称为“头衣”，头衣的种类计有四种：冠，冕，弁（biàn），帻（zé...,阅读(1),0
“咄咄怪事”原来是无声的抗议,“咄（duō）”是叹词，本义是相呼、呵斥之声，“咄咄”因此用来表示感慨、责备或者惊诧之意。既然如此，那么当人“咄”或“咄咄”的时候，一定会发出声音，否则怎么能够让人看出自己的感慨、责备或者惊诧呢？ 比如“咄咄逼人”这个成语，出自《世说新语·排调》。有一次，东晋大将桓玄和荆州刺史殷...,阅读(1),0
人体有哪些有意思的进化残留？,这个世界上最完美的人体是哪一个？是米开朗琪罗手下的“大卫”？还是达·芬奇笔下的“维特鲁威人”？又或者把眼光放到现代，从现代训练科学的健美运动员里找一找？ 很遗憾，就连现代审美所追求的八块腹肌也是进化过程中残留的产物。 那种结缔组织分隔的肌肉特征是鱼类普遍拥有的特征。陆生脊索动物的...,阅读(4),0
“稳操胜券”操的原来是左券,很多汉语词汇都经不起认真一问，比如在“稳操胜券”这个使用频率极高的成语中，到底什么是“券”？什么又是“胜券”？如此认真一问，相信绝大多数人都会瞠目不知所对。 其实，“稳操胜券”更准确的写法应该是“稳操左券”。《说文解字》：“券，契也。从刀声。券别之书，以刀判契其旁，故曰契券。”“...,阅读(3),0
“吝啬”原来是对大地母亲的赞美,谁都明白“吝啬”这个词是什么意思，而且在日常口语中，这个词的语感很重，如果被别人评论为“吝啬”，那是极大的羞辱。但是，鲜为人知的是，这个词最早却是一个地地道道的褒义词！ “吝啬”一词出自《周易·说卦》。古人认为乾为天，坤为地，所谓天父地母。在论述乾和坤的特性时，有这样一段对比：“...,阅读(1),0
“支吾”为何形容说话含混,以“支吾”为核心，产生了一大批词汇：支吾，支支吾吾，吱吱唔唔，左支右吾，抵牾。这些词现在常用的是形容说话含混，躲躲闪闪，闪烁其辞，搪塞，不敢说个利落话。怎样形成这种语义的呢？这个过程非常有趣。 其实，“支吾”最早的原型写作“枝梧”，出自《史记·项羽本纪》。秦国攻打赵国，楚怀王任命...,阅读(1),0
AI拍照为什么是一个骗人的把戏？,手机厂商在“AI拍照”上纷纷“大展身手”，我们通过手机AI可以拍出好看的照片。 2018年第一季度结束，国内手机厂商的年度旗舰机型已经摆上货架，各手机厂商都给自家的手机贴上了AI拍照的“标签”。 如今，在品牌策略上各有不同的手机厂商都纷纷投向了“AI拍照”的怀抱，在手机拍照方案上...,阅读(4),0
“有味道”的智能公厕为何越来越没味道了？,下面介绍一个“有味道”的AI应用场景——厕所。 2018年1月10日，长沙智能厕所落户天心区贺龙南广场，吸引了众多市民前来体验。 春运期间，上海虹桥火车站对一些厕所进行了智能化升级，加装了“厕位智能引导系统”。 2018年3月24日，济南章丘区智能星级公厕改造完成并对外全面开放…...,阅读(6),3
“信封”为何用“封”来作计量单位,在电子邮件发明之前，人们最常用的通信工具就是信封了，把信写好后装进信封里寄出去。信件也以“封”作为计量单位，比如一封信、两封信。信件为什么以“封”作为计量单位呢？ 在造纸术发明之前，人们的书写工具是刀，书写材料是竹片或木片，要用刀把所写的内容刻到竹片或木片上去。竹片称为“简”，木...,阅读(13),3
“不名一钱”的“名”是什么意思,“不名一钱”也可以写作“不名一文”，形容极其贫穷，连一枚钱、一文钱都没有。那么，这个成语中的“名”到底是什么意思呢？很多人都说不清楚。 这个成语出自《史记·佞幸列传》中邓通的故事，知道了这个故事，就会明白“不名一钱”是一个多么刻薄的词。 邓通是汉文帝时掌管船舶行驶的小吏，因为行船...,阅读(1),0
“夸海口”夸的原来是孔子的口,漫无边际地说大话被比喻为“夸海口”。“海口”一词，今天指的是内河通海的出口，如果夸的是这个意义上的海口，那跟说大话又有什么关系呢？答案是毫无关系，“夸海口”的“海口”，最早夸的是孔子的口。 孔子被儒家和历代统治者封为至圣先师，既是至圣先师，那么命相一定要区别于常人和凡人。不仅孔子...,阅读(1),0
“薪尽火传”不是指火种传了下来,“薪尽火传”这个成语，今天的理解是：柴薪虽然燃尽了，但是火种却流传了下来，因此用来比喻学问或思想一代代地传承下来。在今天的语境中，这样理解也没有什么错误，但古人使用这个词却并非如此，其中不仅牵涉到“火”字的释义，而且还能使人从中见出古人燃薪的礼仪。 庄子在《养生主》中议论道：“指...,阅读(1),1
“摇钱树”原来是形容妓女,各种辞典都把“摇钱树”解释为神话传说中的一种宝树，摇一摇钱就会掉下来，因此用来比喻能够借以生财的人或物。但是神话典籍中却并没有“摇钱树”的记载，至于民间传说，也没有有力的文献支持。追根溯源，鲜为人知的是，“摇钱树”最初竟然是对妓女的称谓！ 唐代音乐理论家段安节所著《乐府杂录》中有...,阅读(1),0
AI在舞台上配音时为什么也会唱“黑脸”？,在文字出现之前，声音曾经是人类唯一的交流工具。由于声音的传播距离非常有限，所以，那个时候人类的生存以“部落”为单位，人们之间的关系十分紧密。后来随着传播媒介的一步步发展，人们不再需要彼此近距离交流就能获得大量信息，于是人们开始怀念单一的声音带给我们的感觉，声音这种最原始的媒介承载...,阅读(5),0
“蒲柳之姿”并非专门用来形容女人,今人有一个误解，误以为“蒲柳之姿”专门用来形容闺阁弱质，男人们一说“蒲柳之姿”，顿时就会生出满腔的怜惜之情，孰不知这个词最早却是男人的自谦之辞，而且虽几经演变，也不能用来表示对女人的怜惜。 蒲柳，又名水杨，一入秋就凋零，因此古人才会用来形容体质衰弱或者未老先衰。“蒲柳之姿”一词出...,阅读(14),5
“登基”原来是“登极”之误,皇帝就任或继任王位称作“登基”。这个词殊不可解。基，始也，因此而有墙基、基础，都是指建筑物的根脚，起始部分。西汉学者扬雄所著《方言》：“基，据也。在下，物所依据也。”虽然是“物所依据”，但“基”的本义至为低下，皇帝至高无上，如何能够登上低下之位呢？如果说皇帝由此基础而登上高位，那...,阅读(27),6
“衮衮诸公”的“衮衮”是什么东西,杜甫《醉时歌》中有句：“诸公衮衮登台省，广文先生官独冷。”台省，指政府的中央机构；广文先生，指唐代著名学者郑虔，唐玄宗爱其才，特为置广文馆，诏授首任博士。杜甫这句诗是感慨诸公纷纷进入中央机构担任要职，只有广文先生郑虔清苦地守着博士一职。“衮衮诸公”这个成语即由此而来，最早显然是指...,阅读(1),1
“恶客”专指不饮酒的客人,“恶客”的称谓，后世用来形容那些庸俗不堪或者不受欢迎的客人，但是鲜为人知的是，最早的时候，“恶客”专指受邀而来却不饮酒的客人。 唐代诗人元结有《将船何处去》一诗：“将船何处去，送客小回南。有时逢恶客，还家亦少酣。”元结嗜酒如命，生怕读者不懂何为“恶客”，于是非常可爱地自注道：“非...,阅读(3),0
“鱼水”不是形容男女欢爱,“鱼水之欢”，今人多用作男女欢爱之辞，殊不知“鱼水”一词古时并没有这个义项，甚至还可用于男人与男人之间！ 《管子·小问》中记载了一个有趣的故事。齐桓公派管仲前去请求贤士宁戚辅佐自己，宁戚对着管仲来了一句“浩浩乎”，管仲回家后百思不得其解，婢女问他因何事为难，管仲轻蔑地说：“非婢子...,阅读(1),0
“乱点鸳鸯”竟然是做好事,俗话说“乱点鸳鸯”、“乱点鸳鸯谱”，这个“乱”字今天的理解是胡乱，胡乱配合姻缘叫“乱点鸳鸯”，因此这两句俗语是地地道道的贬义词。岂知这两句俗语古时候的含义竟然完全相反，非但不是贬义词，而且是地地道道的褒义词！ 明代著名文学家冯梦龙所著《醒世恒言》中有《乔太守乱点鸳鸯谱》一篇故事，...,阅读(1),0
为什么没有出现杂技机器人？,2018年的大年三十下午2：20，一出别出心裁的春晚亮相。不是往年春晚重播，而是由北京电视台科教频道播出的“机器人春晚”，内容和春晚差不多，无非是唱歌、跳舞、小品、相声，但是少了杂技。 杂技起源于人类的生产劳动和战争，是我国最早独立成形的艺术形式之一，一直受人民欢迎，观赏性很强。...,阅读(4),0
“血气方刚”不是形容青年人,各种辞典都把“血气方刚”解释为形容青年人精力正旺盛，这种解释是完全错误的，原因在于对“方”这个字的释义错误。 “血气方刚”一词出自孔子之口。在《论语·季氏》章中，孔子说过这么一段话：“君子有三戒：少之时，血气未定，戒之在色；及其壮也，血气方刚，戒之在斗；及其老也，血气既衰，戒之在...,阅读(2),0
“新郎”原来指新科进士,今天的“新郎”一词，只能用在新婚男子身上，属于特指。这个称谓从古至今的演变饶有趣味。 明代学者胡应麟所著《少室山房笔丛·庄岳委谈上》中记载：“今俗以新娶男称新郎……新郎君，唐人自称新获第者，不闻主新娶者言。惟宋世词有《贺新郎》，或当起于此时，大抵国朝世俗称谓，率循习宋、元，世近故...,阅读(1),0
“口实”原来是陪葬品,“口实”一词，今天只当作借口讲，但“口实”为什么会用作借口呢？相信很多人都不知道。我们来看看这个词在古代丰富的内涵和演变过程。 “实”的本义是充满，因此，顾名思义，“口实”最早的含义就是充满口中的东西。能够充满口中的东西是什么呢？首先当然是食物，《周易》中有一个“颐”卦：“观颐，...,阅读(1),0
为什么男性脆弱的睾丸要悬挂在体外？,进化虽然是一个缓慢的过程，但它却无时无刻不在进行着。即使是自诩高级的人类，也存在着许多不完美的身体特征。但这众多的缺陷里，最让人“蛋疼”的莫过于男人悬挂在体外的睾丸。比起女性胸前“两团肉”的抱怨，男性对自己裤裆的累赘才是最深恶痛绝的。按理来说，睾丸可是男人最重要的器官之一。如果下...,阅读(4),1
“匆匆”原来是“勿勿”之误,今天人们口语中的“匆匆”一词，是形容急急忙忙的样子。但其实这是一个误用了一千多年的词，正确的用法是“勿勿”。 《说文解字》：“勿，州里所建旗。象其柄，有三游。杂帛，幅半异。所以趣民，故遽称勿勿。”杂帛指杂色的装饰物；幅半异指半幅为红色，半幅为白色，殷的正色为白色，周的正色为赤色，...,阅读(2),0
“板荡识诚臣”的“板荡”指什么,唐太宗李世民有诗《赐萧瑀》：“疾风知劲草，板荡识诚臣。勇夫安识义，智者必怀仁。”前两句诗广为人知，尤其是“疾风知劲草”一句，已经成为人们的日常俗语；而“板荡识诚臣”，“板荡”对应“疾风”，形容政局混乱，社会动荡。“板荡”为什么会有这样的意思呢？ 原来，“板荡”一词出自《诗经》中的...,阅读(1),0
人类从什么时候开始火？,我们想让你知道的是 科学家不断研究想找出确切人类发现和开始用火的时间点，但是有两个问题长久以来都被忽略了：在人类出现以前火是以什么样貌存在于地球上？早期人类有什么跟火有关的经验？ 火是地球上最重要的力量之一。长期以来，已知用火被视为一项证明智力的决定性因素，人类也因此与其他动物区...,阅读(4),0
两百年的近亲婚配史：缔造了流水线般的网红锥子脸，还终结了整个王朝,对乱伦的系统性规避，是自然选择固化的结果。毕竟有性生殖的主要目的，就是在种群内制造更多的遗传变异，以抵御各种病原体的侵袭。而近亲的相交，显然是与之相悖的。由于越近亲之间的基因相似度也越高，有害隐性基因的纯合就更容易出现。这样的结合，换来的便是可怕的遗传疾病，也就是所谓的“近亲退化...,阅读(6),3
看着这些图像在眼前凭空消失，你的大脑为何还相信眼见为实?,失去四肢，已是常人难以想象的痛苦。然而做完截肢手术后，这些残障者还存在着另一种旁人无法理解的体验——幻肢（Phantomlimb）。就算知道自己的肢体已经消失，但他们还是能明显地感觉到四肢仍然依附在主躯干上。除了能感到疼痛，就连幻肢在流汗、颤抖、发热、移动都能感觉到。有时患者在...,阅读(6),0
为什么我们看什么都是脸？可能是信了大脑的邪,1976年7月，美国“海盗一号”探测器发回了一张诡异的照片。火星的表面出现了一个酷似人脸的地貌，被称作“火星人脸”。一传开，它便马上引起了无数关于“火星人”的讨论。大众开始热议，火星上很可能存在着未知文明。直到2001年，NASA（美国国家航空航天局）公布了另一组火星高清图片，事...,阅读(6),51
对一些人来说， “只有半个大脑”反而活得更好,“大脑是你最重要的器官”——这是大脑告诉你的。相信很多人，都在网络上见到过这个让人恐惧的段子。 大脑真的那么重要吗？ 当然啦，如果完全没有大脑，人不死也是一具行尸走肉。但是，在医学史上，也总有一些奇案挑战着人类的认知。 2007年，一起刊登在英国医学权威杂志《柳叶刀》上的病例，就...,阅读(6),1
如何科学地讨论一个人的颜值高低？,有一种心理学效应，就叫作“美即是好”（whatisbeautifulisgood）。人类，总是倾向于将美貌与其他积极的品质联系在一起。从出生到进坟墓，坐拥美貌似乎就等于坐拥各种好处。从呱呱坠地起，更可爱的婴儿就能得到成年人更多的关注与照料，死亡率更低。在学龄时期，漂亮的孩...,阅读(6),3
立体还是平面， 究竟是眼睛看错了还是大脑在撒谎？,不可否认，每个人都对神奇的视错觉图片充满好奇心。伴随着视错觉艺术的发展，人们似乎不再局限于二维平面的视错觉图片了。利用特殊形状与视角，骗过我们大脑的视错觉艺术作品近年来出现了不少。比如，一根小棍可以穿过正方体的三个平面。可真相却令人震惊，因为它压根儿就不是标准的正方体。 但就算你...,阅读(6),1
“爱上”这群笨蛋的人类祖先，给现代人留下了一个遗传病“大礼包”,在生物学中，我们普遍认为跨物种之间的恋爱，注定是无法开花结果的。这其中最重要的原则就在于，两个物种间存在着生殖隔离。在生物课上，老师就经常拿马和驴杂交产生的不可育后代——骡子，来当“违反伦理不会有好结果”的典型案例。 不过这看上去无法逾越的生殖隔离，有时候也并非如此不近人情。由北...,阅读(6),1
为什么人类有46条染色体，猩猩却有48条？,人类有多少对染色体？大家都能脱口而出23对，46条。但却很少有人去思考为什么。人类与黑猩猩，大约是在500万年前“分道扬镳”的。然而，现代黑猩猩的染色体数，却是24对，比现代人类整整多了一对。除了黑猩猩，其他类人猿如倭黑猩猩、大猩猩等都是24对染色体。这也意味着，在过去500万年...,阅读(8),3
原来人眼不过是“残次品”？,大家对盲点这个词应该不陌生吧。全人类的眼睛，都存在着这么一个不合理的缺陷。不过也正是因为这一“设计”缺陷，进化论才多了一个反驳神创论的有力证据。不可否认，人眼是一个精细到无与伦比的设计。虽然我们常把眼睛比作照相机，但它其实远比照相机复杂得多。而因为无法找到与眼睛有关的化石（眼睛难...,阅读(8),3
地震救援机器人什么时候能拯救人类？,“亲爱的宝贝，如果你还活着，一定要记得我爱你！”这是汶川地震中一位母亲留给年幼的孩子的最后一句话。被发现时，她的身体已经变形了，但这位母亲以匍匐的姿势紧紧地抱住了年幼的孩子，最终孩子安然无恙，母亲却不幸遇难。 在汶川地震中，虽然我国进行了积极的救援，但是结果依然不理想。可喜的是，...,阅读(6),1
“私淑弟子”是什么样的弟子,弟子分为两种，一种是亲传弟子，又称“亲炙”。炙，烧烤，“亲炙”的字面意思就是：我直接在您面前被您烧烤，比喻直接接受别人或老师的教诲或传授。孟子在《尽心下》篇中列举了伯夷和柳下惠的风范后说：“奋乎百世之上，百世之下闻者莫不兴起也。非圣人而能若是乎？而况于亲炙之者乎？”百代之前奋发有...,阅读(4),1
“扑满”为何用作存钱罐的代称,存钱罐别名“扑满”，今天还在使用这个称谓。这是一个极其古老的称谓，可以追溯到汉武帝时期。 记载西汉杂史的笔记《西京杂记》中讲了一个馈赠的故事。汉武帝下诏访求贤良，公孙弘此时已年届七十，被推举为贤良。故人邹长倩以其家贫，赠送给他许多东西，其中包括“扑满一枚”，并且写了一封信给公孙弘...,阅读(2),0
“门婿”特指入赘的女婿,“门婿”的称谓，如今老一辈人有时还在使用，比如介绍说“这是我的门婿”之类。今天的人们大多都以为是对自己女婿的泛称，其实是错误的，“门婿”这个称谓只有一个含义，即特指入赘的女婿，民间俗称“上门女婿”或者“倒插门”。 至少到明代，通俗小说或戏曲中已经使用“门”一词指称入赘的女婿。比如...,阅读(2),0
为什么说“煤老板时代”又将来临？,我国的煤炭企业数量不断减少，从2200个减少到100个左右，小煤矿将被彻底清除，“煤老板”退出历史舞台已成定局。 但是新的一批“煤老板”又即将横空出世，准确来说，是太空挖矿的“煤老板”。美国《连线》的文章《太空采矿可能引发星球大战》指出，太空采矿有可能是下半个世纪最赚钱的行业之一...,阅读(9),1
“扛鼎”到底怎么“扛”,“扛鼎之作”比喻非常有分量的作品，鼎乃国之重器，随随便便就能“扛”起，那该有多大的力气！因此“扛鼎”比喻有大才，能堪重任。那么，“扛鼎”到底是怎么“扛”的呢？ 有的读者朋友一定会觉得这个问题很幼稚，“扛鼎”就是用肩膀扛起来呗！让我们重温一下《史记·项羽本纪》中对青年项羽的描述：“...,阅读(4),0
“骨朵”原来是一种兵器,今天口语中的“骨朵”一词，专指花蕾，比如形容花儿盛开的样子，就说“一个花骨朵连着一个花骨朵”。但是鲜为人知的是，“骨朵”竟然是古代的一种兵器！ “骨朵”这种兵器为铁或硬木制成，长棒的顶端安装有石质或金属的头，头呈圆形、蒜头形、蒺藜形等多种，后来用作仪仗的时候固定为瓜形，因此俗称金...,阅读(3),0
AI能翻译婴儿语言吗？,26岁的王小强刚做爸爸，他还沉浸在初为人父的喜悦中。但是，当婴儿开始哭闹时他就没辙了，孩子到底是饿了、尿湿了还是哪里不舒服？ 正常婴儿在两周大时，每天约哭闹1.5小时；出生后第6周，平均每天哭闹2.5小时；到3个月时，正常婴儿哭闹的时间减少到每天1小时。婴儿每天都在哭泣，理解“婴...,阅读(6),2
“作家”原来是管理家务,“作家”的称谓，今天指文学创作有成就的人，但是在古代，这个词就是它的字面意思：作，为也；作家，即治家、理家，管理家务。 “作家”一词最早出自裴松之为《三国志》作注的时候所引东晋习凿齿《襄阳记》一书。杨颙（yóng）担任诸葛亮的主簿，主管各种文书，但是诸葛亮却事必躬亲，总是亲自校验...,阅读(5),0
“讨厌”来自巫术用语,在日常生活中，人们常常用“讨厌”一词来表达厌恶的心情。“讨厌”为什么会具备这个含义？“讨”和“厌”又是怎么组合在一起的呢？相信很多人都不清楚。 想要厘清“讨厌”一词，必须先从“厌”字说起。鲜为人知的是，“厌”是古时的一种祭祀方式，分为阴厌、阳厌两种。这两种祭祀方式记载在《礼记·曾...,阅读(3),0
装上AI大脑的无人机为什么会担当“无人机警察”？,2018年，由国务院、中央军委空中交通管制委员会办公室组织起草的《无人驾驶航空器飞行管理暂行条例（征求意见稿）》在工信部网站上公布，并公开征求公众意见。其中有一条突破现行“所有飞行必须预先提出申请，经批准后方可实施”的规定，简化申请与批复流程，微型无人机在禁飞空域外，无须申请。也...,阅读(9),9
“敦伦”原来是房事的隐语,“敦伦”是一个非常古雅的词汇，但是在书面语甚至人们的日常口语中，这个词竟然成了夫妻之间发生性关系的隐语，而且还言之凿凿地把发明权归于辅佐周武王灭商的著名的周公，因此“行周公之礼”也就成了性关系的隐语。 有一个流传甚广的说法，说是西周初年，周公制礼，把男女从说亲到成婚分为七个环节，...,阅读(4),2
“首当其冲”的“冲”应该指战车,“首当其冲”这个成语比喻最先受到攻击或遭遇灾难。至于“冲”字，所有的辞典都解释为要冲、军事或交通要地，当然最易受到攻击，因此叫“首当其冲”。 《汉书·五行志》载：“郑以小国，摄于晋、楚之间，重以强吴，郑当其冲，不能修德，将斗三国，以自危亡。”这是讲的春秋时期郑国的形势，介于晋、楚...,阅读(1),1
“八面来风”来的是哪八种风,“八面来风”比喻来自四面八方的信息。这是一个褒义词，比如有的报纸或杂志会设“八面来风”的栏目，刊登各种不同的意见和声音，以示善于接纳之意。 这个习用语是从古时的“八风”而来。“八风”说法不一，本文仅以《淮南子》和《史记》为据，介绍“八风”的由来、命名及其有趣的含义。 《淮南子·天...,阅读(2),0
AI+动物能否改变动物灭绝的局面？,我们先来看一组数据。1890年，我国野生东北虎的数量为1200～2400只，1930年约为450只，40年间减少了75%。到20世纪80年代，我国野生东北虎已基本处于灭绝边缘，仅剩14只左右，与1930年相比，减少了96%。 毫无疑问，野生东北虎的数量已经越来越少。此外，包括小熊...,阅读(5),3
“挑衅”原来跟祭祀有关,“挑衅”是寻衅生事，蓄意引起争斗、冲突或战争的意思。“挑”可以理解为挑起、引起，那么“衅”是什么意思？“挑衅”组合在一起，又为什么可以当作这个意思讲呢？相信很多人都不知道，“挑衅”一词原来跟古代的祭祀制度密切相关。 “衅”，繁体字写作“釁”。这个字非常繁复，但是同时也非常有意思。...,阅读(3),0
“首饰”原来是男人戴的帽子,“首饰”一词今天专指女人佩戴的装饰品，可是在古代，“首饰”的意思却完全相反，专指男人所戴的帽子。《后汉书·舆服志》：“秦雄诸侯，乃加其武将首饰为绛袙，以表贵贱。”“袙（pà）”是古人戴的头巾。秦代的时候，给武将戴的帽子上增加了红色的头巾，用来区分贵贱。古代男子到了二十岁就要举行冠...,阅读(2),1
“九五之尊”为何指皇帝,“九五之尊”又写作“九五至尊”，专指皇帝，除皇帝之外，任何人不得僭越使用。那么，皇帝为什么偏偏要用“九五”这两个数字来指代，而不是使用别的数字呢？这跟九和五在中国数字序列中的特殊地位密切相关。 古代把数字分为阳数和阴数，奇数一三五七九为阳，偶数二四六八十为阴。阳数又称天数，阴数又...,阅读(2),0
AI制作的表情包很搞笑吗？,现在如果没有几个有意思的表情包，我们在网上聊天都不太方便。 你是不是以为只有人会做表情包？ AI最近利用深度学习做了很多表情包，这些表情包的深度学习模型是由斯坦福大学的两个学生用超过40万个表情包训练得来的。其基本的框架是一个编码器—解码器图说生成系统，我们需要先将技能型CNN图...,阅读(10),3
“谣言”原来是百姓的呼声,在今天的语境中，“谣言”是一个不折不扣的贬义词，是指没有事实依据而随意捏造的传闻。需要辨析的是，“谣言”其实并无真假之分，只是未经证实，因此不能轻率地认定“谣言”就是造假。不过即使如此，“谣言”仍然约定俗成地成了别有用心的人造假的代名词，语感更严重的尚有“造谣”一词。 在古代，“...,阅读(4),0
“五毒”竟然是良药,俗话说“五毒俱全”，形容人把所有的坏事全都干尽了。“五毒”到底是哪五毒呢？历来说法不一，最常见的说法是吃、喝、嫖、赌、抽，还有人说是坑、蒙、拐、骗、偷。这都是后人附会之言，用意在于劝诫有这些坏习气的人：既然是毒，那么就会害人害己，赶紧改正吧！ 比较早的“五毒”是指五种酷刑。宋元间...,阅读(6),1
“下海”竟然是指妓女接客,20世纪80年代，中国大陆改革开放，最流行的词汇是“下海”，但见神州大地，从官员到无业游民，纷纷“下海”，全民经商，蔚为大观。此“下海”意思是下到商海里去，殊不知“下海”一词除了当作出海讲之外，原来是指妓女接客，尤其特指妓女第一次接客。 “下海”为什么会具备这样的义项呢？这跟“海...,阅读(2),0
为什么人类既期待又排斥“读心机”？,哆啦A梦有一个神奇的记忆头盔，把它戴上之后，人就能听到附近其他人心里想的事。这种读心机居然在现实中出现了。 2018年4月，美国麻省理工学院的团队开发了一款名为AlterEgo的头戴设备，严格来说是“下巴佩戴的设备”。这款设备能够通过内置的电极读取脸部神经肌肉中的电流信号，从而知...,阅读(6),0
“为虎作伥”的“伥”是人还是鬼,“为虎作伥”这个成语比喻做坏人的帮凶。“伥”这个字很有意思，居然是人字旁，那么它到底是人还是鬼呢？ 原来，“伥（chāng）”又叫“伥鬼”。唐人裴铏所著《传奇》中有《马拯》一篇故事，讲述一只吃人的虎被马拯和山人所杀后，“忽三五十人过，或僧，或道，或丈夫，或妇女，歌吟者，戏舞者”，...,阅读(19),0
“墓木已拱”原来是诅咒之辞,“墓木已拱”，后世用作感慨人逝去已久之辞，今天的书面语中也还在使用。但是很多人不知道这个词的本义，因此会产生误解，比如就曾有人将“墓木已拱”误解为棺材已经朽了。 拱，合手曰拱；墓木，墓地上种的树。“墓木已拱”的意思因此是：墓地上种的树，大到已经可以两手合抱了。上古的时候，“古之葬...,阅读(2),0
“弄璋之喜”原来是指生儿子,我住在云南省大理古城的农村，村民办喜事的时候，通常会在墙上贴一些红纸条，表示喜庆。常见的比如“房诞志喜”，是新房落成后举行的庆贺宴会；“喜庆于归”，是男方娶媳妇举行的庆贺宴会，出自《诗经·桃夭》“之子于归，宜其室家”句，朱熹说“妇人谓嫁曰归”；“汤饼之庆”，古时面食通称“饼”，小...,阅读(2),0
“人工心智”将会成为人类的生存性威胁吗？,自AI兴起以来，就有不少学者提出了“AI威胁论”。人们想象，当AI被完全应用时，AI将会成为一种源自人类却优于人类的独立自主的生命形态，具有与自然人一样的人性构建。 当然，还是有不少人提出了反对意见，人们对AI发展的忧虑说明他们很大程度上在于混淆了智能与心智这两个概念。一般而言，...,阅读(6),0
“随和”原来是两件宝物的并称,日常生活中，形容一个人脾气好，为人谦和，常常用“随和”这个词。随，随从，依顺；和，相应，和谐。这样的解释倒也符合这个词的意思，但是鲜为人知的是，“随和”一词的来源并不是出于“随”与“和”的字面意思，而是古时候两件宝物的并称。 这两件宝物的名字叫随侯珠、和氏璧，是春秋时期最眩人眼目...,阅读(4),0
“地老天荒”的“天”到底有多“荒”,举凡汉语文化圈的人，一说起“地老天荒”这个成语，脑海里立刻就会浮现出一幅甚至类似于史前时代那样遥远荒凉的画面。“地”和“天”本是空间概念，配上“老”和“荒”之后居然变成了时间概念，极言历时之久远。 “老”本用于人，七十曰老，转而用之于地和天，形容衰老，比如李贺“天若有情天亦老”的...,阅读(2),0
“胎教”原来自古就有,很多人都误以为“胎教”是个新鲜的名词，甚至还有人以为“胎教”来自西方的先进生育理论。其实完全错误，中国最早在世界上提出“胎教”理论，至今已有两千多年的历史。 成书于战国时期的《黄帝内经》中就提出了“胎病”这一概念：“帝曰：人生而有病巅疾者，病名曰何？安所得之？岐伯曰：病名为胎病。...,阅读(3),0
盲眼“猎豹”机器人出路在哪？,波士顿有“狗”，麻省理工学院有“猎豹”。 麻省理工学院的这匹新“猎豹”不简单，直接代替“波士顿狗”成为机器人界的新“网红”。为什么这次麻省理工学院的“猎豹”如此厉害？原因在于这匹“猎豹”闭着眼睛就能疯狂吊打它的各位“前辈”。麻省理工学院新研发的第三代“猎豹”机器人完全不依靠视觉传...,阅读(5),3
“山盟海誓”为何不能说成“山誓”、“海盟”,“山盟海誓”为什么不能说成“山誓”、“海盟”？这是一个乍看起来很扯淡的问题，估计第一眼看到的读者朋友恨不得抽我的大嘴巴子。可是，当你读完本文，明白了古代的盟、誓制度的时候，就不会有这样的冲动了。 先说“盟”。《说文解字》：“盟，《周礼》曰：‘国有疑则盟。’诸侯再相与会，十二岁一盟...,阅读(4),0
“跳槽”竟然是青楼用语,《说文解字》：“槽，畜兽之食器。”顾名思义，跳槽，就是指从一个食槽跳到另一个食槽。这个词毫无疑问是形容牲口吃食时的景象。想像一下马厩里的马匹，在槽里吃食时扰动不安，时而伸出嘴去抢吃别的槽里的马食，就知道这个词是多么的形象了！但是在今天，“跳槽”却是更换工作的代称：明年，你准备跳槽...,阅读(2),0
“恋栈”为何比喻贪恋官位,“恋栈”一词，古时比喻贪恋禄位，今天的官员们发的工资不再称作俸禄，因此用来比喻贪恋官位。那么，“恋栈”的“栈”是什么意思？当官的为什么会贪恋“栈”呢？ 这是一个非常刻薄的比喻，因为“栈”的本义是牲口棚。为什么会贪恋牲口棚呢？因为牲口棚里有“栈豆”。“栈豆”特指马棚里的豆料，仅仅是...,阅读(2),3
人类想早点移民火星，AI能帮上忙吗？,十年前，互联网上很多人自诩“火星人”，他们写着常人难以理解的“火星文”，生怕被别人看懂。但是想移民火星做火星人，并不是这十几年发生的事。自从人类在1969年首次登月后，但凡在太空事业上取得一点进展，就会有人问离移民火星还有多远。 随着40多次火星探测任务的开展，火星已经成为太阳系...,阅读(6),0
“名列前茅”的“前茅”原来是军旗,“名列前茅”这个成语的意思是考试、评比时名次列在前面。那么“茅”是什么东西？是指茅草吗？如果是指茅草，那么茅草为什么会置于前面呢？ 原来，这个成语中的“茅”不是指茅草，而是一个通假字，通“旄”，竿顶用旄牛尾作装饰的旗帜，又叫“茅旌”或“旄旌”。 《公羊传·宣公十二年》载：楚庄王讨...,阅读(5),0
“人尽可夫”原来不是形容女人淫荡,“人尽可夫”一词，今天用来形容淫荡的女人，可以跟任何一个男人上床，任何一个男人都可以做她的丈夫。但是在古代，这个词却浸透了亲情。 《左传·桓公十五年》讲述了一个故事，是为“人尽可夫”一词的最早出处。郑厉公即位后，对把持朝政、专断独行的大臣祭足非常不满，于是跟祭足的女婿雍纠合谋，准...,阅读(3),0
“烽火”原来是两种信号,杜甫有诗：“烽火连三月，家书抵万金。”“烽火”代指战乱。古代边防举火报警的高台叫“烽火台”。“烽火”的称谓如此常见，但很多人不知道“烽火”并非一种报警的信号，而是两种，即“烽”和“燧”。 《墨子·号令》中说：“出候无过十里，居高便所树表，表三人守之，比至城者三表，与城上烽燧相望，...,阅读(4),0
AI同声传译为什么成了巨头们都翻不过去的坎儿？,AI又摔了个“跟头”。 在2018年的博鳌亚洲论坛上，第一次出现了AI同声传译。值得注意的是，这是博鳌论坛创办17年来首次采用AI同传技术。然而，在如此重要的场合，现场配备的腾讯AI同传却掉了链子。AI同传词汇翻译不准确、重复、短语误用等“乌龙”引来了嘲笑。 人们总是把AI和人类...,阅读(5),0
“合葬”原来是从周公开始的,《诗经·大车》：“谷则异室，死则同穴。谓予不信，有如皦日。”这是一位女子的誓辞。“死则同穴”即合葬，可见这一习俗从春秋时期就开始了。不过，有史可稽的合葬第一人，乃是大名鼎鼎的周公。 据《礼记·檀弓上》载：“季武子成寝，杜氏之葬在西阶之下，请合葬焉，许之。入宫而不敢哭。武子曰：‘合...,阅读(3),0
“高考后综合征”：AI能不能发现高考生的心理疾病？,每年的六月都是“高考月”。 高考后，考生需要查询成绩、填报志愿、等候录取等。高考学子面临的将是一系列的紧张流程，一环扣一环，大多数考生（包括部分家长）一边期待着，一边焦虑着。而社会上绝大多数人只是兴致勃勃地等着各省状元的出现，称赞他们为学霸后，便潇洒离开，却很少有人会关注这些考生...,阅读(10),0
“姓”、“氏”原来有差别,“姓氏”一词，如今只当作姓名或姓来使用，也就是说，“姓”和“氏”是一回事，但是在古代，“姓”和“氏”却有着天壤之别，而且与人的身份密切相关。 《说文解字》：“姓，人所生也。古之神圣母，感天而生子，故称天子。从女从生，生亦声。”由此可见，“姓者，生也，人所秉天气所以生者也”，本来是...,阅读(7),0
“背井离乡”的“井”不是指水井,不得已而离开家乡叫作“背井离乡”。这个“井”字到底指什么，相信很多人都不清楚，甚至有人以为这个“井”是水井，但是离开家乡的水井，怎么能说得通呢？难道因为喝不上家乡的井水而悲伤吗？ 《说文解字》：“井，八家一井，象构韩形。·，罋之象也。”“韩”是井上的木栏，“罋（wèng）”是汲水...,阅读(2),0
“状元”的称谓是怎么来的,唐代的科举考试分为常科和制科两类，每年分期举行的叫常科，临时由皇帝下诏举行的叫制科。常科的主要科目是明经和进士两科，明经考的是经义，进士考的是诗赋。常科的第一名称“状头”或“状元”，这是因为各州贡举到京城的举子都要先向礼部呈递本人的出身履历，叫“投状”，考试结束后，礼部要把考生的...,阅读(3),0
世界编剧队伍里为什么突然多了个AI编辑？,AI又完成了一场“48小时电影挑战”，继两年前AI在伦敦科幻电影节上创作名叫Sunspring的短片之后，Zone Out是第一部完全由AI独立制作的科幻电影。这一次AI不仅采用了“换脸”技术构造电影人物，尝试使用神经网络生成对话和配音，还继续连任了电影编剧一职。 AI如何写剧本...,阅读(5),0
“冰人”为何代指媒人,“冰人”一词，今天的日常用语中已经很少使用，但是在一些婚娶的隆重场合，或者由老辈人主持的婚礼仪式中，还常常可以见到这一称谓，古代小说和戏曲中也时常可见。比如李渔所著《意中缘·先订》中说：“既然如此，趁我们两个冰人在这边，就订了百年之约。”显然，这里的“冰人”指媒人。那么，“冰人”...,阅读(7),0
“浮以大白”原来是指罚酒,今人饮酒，若是有一些文人雅士在座，还常常可以听到“浮以大白”的说法。通常是听到妙语或者直抒胸臆的痛快话，在座的酒人就会举起酒杯，来上一句“浮以大白”，一饮而尽。但是“浮”和“大白”到底是什么意思，二者又是怎么组合在一起的呢？相信很多人都茫然不知。 “浮以大白”一词出自西汉学者刘向...,阅读(3),0
“牝鸡司晨”的“牝鸡”是什么鸡,“牝鸡司晨”是一个成语，但是在日常生活中的使用频率非常之低，通常使用于书面语中。想知道“牝鸡”到底是什么鸡，就得了解古人关于动物性别的分类。 古人对动物性别的分类很细：“飞曰雌雄，走曰牝牡。”飞禽的性别分为雌雄，走兽的性别分为牝牡。其中雌性的走兽称作牝，雄性的走兽称作牡。因此“牝...,阅读(2),1
从自主系统开始，苹果公司要在无人驾驶上重走手机之路,在最近的资本市场上，苹果公司颇为不顺。 截至2018年11月23日，苹果公司以172.29美元报收，此价距离当年8月2日233.47美元的历史最高峰下跌了20%以上，市值也蒸发超过2200亿美元，萎缩到8175.85亿美元。在苹果公司宣布停止公布手机销量后，以富士康和和硕为代表的...,阅读(5),2
“秋老虎”原来是“秋老火”之误,在民间俗语中，“秋老虎”是形容立秋之后仍然炎热的天气。但这句俗语非常令人费解，老虎有动有静，有凶猛的时候也有沉睡的时候，为什么偏偏要拿凶猛时候的老虎来作比呢？ 当然，也许会有读者朋友问：“苛政猛于虎”这个成语也是拿凶猛的老虎来作比。不过，出自《礼记·檀弓下》的这个成语，倒确实是因...,阅读(4),0
“同僚”为何指同事,“同僚”的称谓，现在泛指同事，但是过去只能用于做官的人，同朝或同官署做官的人才能称作“同僚”。那么，为什么称“同僚”？“僚”又是什么东西呢？ “同僚”的称谓出自《诗经·板》，最初写作“同寮”：“我虽异事，及尔同寮。我即尔谋，听我嚣嚣。”这几句诗的意思是：我虽然和你各司其职，但也和...,阅读(3),0
“蟊贼”原来是两种害虫,今天的“蟊贼”一词，是指危害人民或国家的人，毫无疑问是对人的形容，但是在古时候，“蟊贼”却是危害禾苗的害虫，而且“蟊”、“贼”分别是两种害虫。这个词的古今变迁，再一次鲜明地反映出古人无一字无来历的命名方式。 《诗经·大田》：“去其螟螣，及其蟊贼，无害我田稚。”此处出现了四种危害禾...,阅读(3),2
人类什么时候才能听懂动物的语言？,2018年，有一个视频在养宠圈中广泛流传，引无数养宠人士潸然泪下。 视频的主角是动物行为专家HeidiWright和一只生命即将走到尽头的导盲犬，HeidiWright以她的能力为媒介，将导盲犬的肢体动作和声音翻译成人类语言，帮助它和主人进行最后的交流。在HeidiWright的...,阅读(6),0
“吃茶”原来是指女子受聘,今人叫“喝茶”，古人称“吃茶”，现在一些方言里仍留存这个说法。除了指真正的喝茶之外，“吃茶”还有一个鲜为人知的意思，过去女子受聘叫作“吃茶”。 “吃茶”跟女子受聘有什么关系呢？明人郎瑛的《七修类稿》中提供了一个非常有趣的说法：“种芝麻，必夫妇同下其种，收时倍多，否则结稀而不实也。...,阅读(4),0
“指南”为什么不叫“指北”,“指南”这个词很奇怪，“南”相对的方向是“北”，明明有“南”和“北”两个相对的方向，可是为什么偏偏叫“指南”，而不叫“指北”呢？ 原来，这跟中国古代测定方向的仪器有关。 在指南针发明之前，春秋战国时期最早用来指示方向的仪器叫“司南”。“司南”的发明跟磁石密切相关。古人早就发现山上...,阅读(2),0
“鬼见愁”原来是一味中药,人们的日常用语中常常使用“鬼见愁”这句俗语，用来形容人或物某一方面之厉害，以至于连鬼见了都要发愁，比如有些山的顶峰就被称作“鬼见愁”。鲜为人知的是，“鬼见愁”原来是一种树木的果实，可做中药，也是佛教的重要道具。 “鬼见愁”其实是无患子的俗称，无患子是无患木的果实。无患木为什么称“...,阅读(3),3
AI能识破坑老人钱的套路吗？,“我们的产品绝对有效，还会赠送超值礼物，数量有限，先到先得！阿姨，您可要抓紧了……”在接待者的热情宣传中，老人们面带笑容，拎着袋子，心甘情愿地买下了所谓的“干儿子”“干女儿”推荐的产品。   老人被骗，已经不是新鲜事了。特别是在科技不断发展的今天，“中老年人+互联网”这...,阅读(6),2
“不撞南墙不回头”的“南墙”是什么墙,日常俗语中的“不撞南墙不回头”，比喻认死理，听不进不同意见，同义词还有“不见棺材不掉泪”、“不到黄河不死心”、“一条道走到黑”，等等。民间智慧擅长用日常生活中的实际经验作比，不过棺材、黄河、一条道都容易理解，而“不撞南墙不回头”这一俗语中的“南墙”到底是指什么墙呢？ 中国古代房屋...,阅读(4),0
“屏风”的称谓是怎么来的,据说屏风是大禹趁着治水的闲暇发明创造的，不过找不到文献支持。有史记载的屏风的最早身影出现在周代，当时称“邸”。《周礼》：“王大旅上帝，则张毡案，设皇邸。”这是周天子祭祀上天时的仪式。“毡案”是铺有毡的坐榻；“皇邸”即“凰邸”，用凤凰的羽毛装饰的屏风。周代的屏风又称“扆（yǐ）”，...,阅读(2),0
“捉刀”和“捉笔”绝对不能混用,古时有“刀笔”一词，李贤解释说：“古者记事书于简册，谬误者以刀削而除之，故曰刀笔。”这是以刀为笔。但是和“捉”组成的两个词，“捉刀”和“捉笔”，人们常常混用，这是因为不了解“捉刀”和“捉笔”的区别所致。 “捉刀”一词跟曹操有关，《世说新语·容止》篇记载了这个著名的故事：“魏武将见...,阅读(3),0
“挽歌”必须执绋而歌,作为古代丧葬礼仪重要环节的“挽歌”，到底起源于何时？大致有两种不同的说法。 其一，起源于田横之死。西晋崔豹《古今注》记之甚详：“《薤露》、《蒿里》，并丧歌也，出田横门人。横自杀，门人伤之，为之悲歌。言人命如薤（xiè）上之露，易晞灭也；亦谓人死魂魄归乎蒿里。故有二章，一章曰：‘薤...,阅读(2),0
“腊月”为何称“腊”,阴历十二月别称“腊月”，十二月八日别称“腊日”，这一天要喝腊八粥。为什么用“腊”来命名呢？这种命名来源于古人年终的祭祀制度。 古人把年终的祭祀看得非常重要，这是因为一年终了要祭祀百神，感谢今年的丰收，并祈求来年不降灾害。《说文解字》：“冬至后三戌，腊祭百神。”可见汉代的腊日是冬至...,阅读(2),0
IBM的人机辩论大赛，AI的胜利为什么名不副实？,就在旧金山的一间办公室里，IBM举办了历史上第一场人机辩论比赛。两道辩论题目分别是：我们是否应当资助太空探索和我们是否应当更多地使用远程医疗。而两场辩论，Project Debater的对手都不容小觑，一位是以色列全国辩论冠军Noa ovadia，另一位是以色列辩论专家Dan Z...,阅读(6),0
“墨守成规”的“墨”原来指墨子,“墨守成规”这个成语的意思是：思想保守，守着老规矩不肯改变。但是为什么称作“墨守”呢？相信很多人都不清楚。 原来，“墨守”的“墨”是指墨子。墨子名翟，战国时人，墨家学派的创始人。在他和弟子们所著的《墨子》一书中，有多篇文章都与守城有关，如《备城门》、《备高临》、《备梯》、《备水》...,阅读(3),2
“按图索骥”的“图”是什么图,“按图索骥”是一个常用成语，字面意思是按照图去寻找良马，比喻办事拘泥教条而不知变通，或者比喻按照线索去寻找就能很方便地找到。那么，这张“图”最早是指什么图呢？为什么可以拿着它去寻找良马？ 《汉书·梅福传》中收录了梅福给汉成帝的上书，其中写道：“今不循伯者之道，乃欲以三代选举之法取...,阅读(3),0
“垫背”原来是往死人身下垫钱,今天口语中的“垫背”一词，用来比喻让别人为自己分担过失或罪责，比如“死了也要拉个垫背的”之类。为什么会有这样的意思呢？原来，这跟过去的丧葬习俗有关。 元人郑廷玉所作杂剧《看钱奴买冤家债主》第四折《收尾》：“笑则笑贾员外一文不使。单为这口衔垫背几文钱，险送了拽布拖麻孝顺子。”这里的...,阅读(9),6
性格能够被识别后，我们究竟失去了哪些权利？,俗话说得好，“性格决定命运”。 性格为什么可以决定一个人的命运呢？在以前，人们认为思想决定行为，行为决定习惯，习惯决定性格，性格进而决定命运。而到了AI兴起的今天，因果关系简单得多。 当你的性格可以被AI一眼看穿时，你就必须意识到，你的命运即将开始改变。你的人格魅力、一些古怪的性...,阅读(6),0
“学而优则仕”不是形容优秀,很多人把“学而优则仕”这句话理解成学业非常优秀，然后出仕做官。这种理解是完全错误的，错误的原因在于不懂得“优”字在这句话中的意思。 “学而优则仕”出自孔子之口。在《论语·子张》篇中，孔子说：“仕而优则学，学而优则仕。”这两句话才是孔子的完整表达，在孔子心目中，“仕而优则学”甚至比...,阅读(3),0
3D“造畜”和3D“造人”哪个更容易实现？,Netflix新剧《副本》中出现了这样一幕——劳伦斯的儿子利用便携式3D生物有机体打印机，先打印出细胞群，然后一点点积累，最后克隆出了自己爸爸的身体，再植入自己的堆栈（类似于记忆芯片），完美地“变身”为有钱的爸爸。 看上去，利用3D生物打印技术打印出一个完整的人体，而且能正常地为...,阅读(3),0
“方舟”原来是大夫所乘的船,《圣经·创世记》：“你要用歌斐木造一只方舟，分一间一间的造，里外抹上松香。”这是上帝对诺亚说的话。诺亚方舟据说是一只巨大的方形船，故称“方舟”，乃避难之舟。但是在汉语中，“方舟”却并非方形船的意思，而且也没有任何可供避难的作用。 先秦时期叫“舟”，汉以后称“船”。《尔雅·释水》：...,阅读(6),6
未火先凉，智能睡眠监测管理平台为何自己先休眠？,凌晨3：23，二胎妈妈肖女士因为身旁的小宝宝翻了个身被惊醒了。此时，窗外一片寂静，肖女士无比清醒。 凌晨4：04，在床上辗转了40多分钟后，肖女士打开了手机开始看剧，她放弃了继续睡觉的打算。 清晨6：20，随着小宝宝的一声啼哭，肖女士放下手机，准备迎接新的一天。失眠了一晚的肖女士...,阅读(9),0
“不欺暗室”为何比喻光明磊落,“暗室”乃是自己独处而别人看不见的地方，即使在这样的地方，也绝不做亏心事，此之谓“不欺暗室”，这也恰恰符合中国古人“举头三尺有神明”的信仰。 汉魏晋南北朝时开始流行“不欺暗室”这一习用语。南朝梁简文帝萧纲（字世赞）被叛将侯景所害，被围困期间，曾作诗文明志，自序中说：“有梁正士兰陵...,阅读(5),0
“銮驾”为何比喻天子的车驾,古代小说或戏曲中常见“銮驾”的称谓，比如“銮驾亲征”，比喻皇帝亲自出征。“銮”到底是什么东西？为什么能够用来比喻皇帝的车驾呢？ 原来，“銮”是銮铃，装在车上的铃铛，盛行于西周时期。其形制为：上部是椭圆形的铃，铃上有辐射状的镂孔，里面装有弹丸，随着车的移动而发出清脆的响声；下部是带...,阅读(2),0
“长跪”跟谢罪无关,“长跪”一词，今天一概当成“跪了很长时间”来讲，通常用来表示谢罪。但是在古代，“长跪”却是古人普通的坐姿而已，跟谢罪毫无关系。 魏晋之前，古人皆席地而坐，地上先铺一层“筵”，“筵”上再铺“席”。筵大于席，作用是使坐在席上的人接触不到地面。因此古人入室必先脱鞋。“筵席”一词后来就指...,阅读(3),0
为什么要把孩子的健康交给机器人？,一直以来，儿童健康都是社会上很受关注的问题。自“毒奶粉”事件被爆出，越来越多的家长将儿童健康提上了家庭日程。但在父母们的实际操作中，孩子的健康变得格外简单——只需注意饮食和生活环境的质量，身体出现异常及时送往医院即可。 众多家长对儿童健康还是知之甚少，网上形形色色的帖子和书籍不少...,阅读(6),1
Facebook为什么要推出AI防自杀系统？,扎克伯格决定在全球范围内推广AI防自杀系统以平息用户对Facebook的不满情绪，这是怎么回事？ 原来，之前Facebook上曾多次出现直播自杀的事件，但由于平台方没有及时排查到此类信息，一时给社会造成了很大的负面影响。而Facebook也理所当然地遭到了平台用户的责难。所以，扎...,阅读(5),1
“寻短见”为何比喻自杀,自杀俗称“寻短见”或“自寻短见”。这是一个非常奇特的说法，自杀就是自杀，为什么称作“寻短见”？“见”是看见，自杀又为什么跟“见”扯上了关系呢？迄今为止，所有的辞典都没有富有说服力的解释。 其实，这个日常俗语跟古代的葬礼制度有关。上古时期实行的是简葬，用木柴把尸体厚厚地包起来，埋到...,阅读(3),0
“买路钱”原来是出丧时撒的纸钱,“买路钱”一词，今天的意思是盗贼拦截商旅，以“买路”为名索要钱财。旧话本小说和戏曲中常见这样的场景。但是，鲜为人知的是，“买路钱”一词却从出丧而来。 据《礼记·檀弓下》载：“季子皋葬其妻，犯人之禾，申祥以告曰：‘请庚之。’子皋曰：‘孟氏不以是罪予，朋友不以是弃予，以吾为邑长于斯也...,阅读(2),0
“烟视媚行”不是形容女人风骚,今天的人们居然把女子风骚到极点，媚惑到骨子里的形态用“烟视媚行”来形容，网上也有许多自以为或者自盼望风骚媚惑的女子取名“烟视媚行”，天可怜见，这真是对“烟视媚行”一词的最大侮蔑！“烟视媚行”根本与风骚、媚惑等风流女子的特征毫无干系，而是形容女子害羞的一个成语！ “烟视媚行”出自《...,阅读(3),0
“酒有别肠”不是形容两副肠胃,“酒有别肠”是一句古语，今天的文人雅士宴饮的时候，称赞能喝酒的人也常常用到这一句古语。有人把“别肠”理解成两副或者更多的肠胃，意思是有更多的肠胃能够容下更多的酒。这种理解是错误的。 “酒有别肠”一词出自《资治通鉴》。五代时期，闽主王曦荒淫无度，有一次夜宴的时候，宰相李光准醉酒忤旨...,阅读(5),0
“三宫六院”是哪三宫哪六院,中国民间用“三宫六院”来泛指古代帝王的后宫或妃嫔，但是何谓“三宫”何谓“六院”，很多人都不知所云。 先说“三宫”及其演变。 古代诸侯夫人之宫称“三宫”，以区别于皇后的“六宫”。郑玄解释说：“诸侯夫人三宫，半王后也。”诸侯夫人的“三宫”是皇后“六宫”的一半。《礼记·昏义》中详细规定...,阅读(3),0
“一顿饭”为何用“顿”作为计量单位,人们常说吃一顿饭、一天三顿饭、骂了一顿等等，说起来习以为常，但是仔细一想问题就出来了：“顿”为什么能够作为计量单位呢？ “顿”是一个会意兼形声的字，从页，屯声。“页”是头部，“屯”是聚集、滞留之意，因此“顿”会意为叩头至地而止，引申为放置、屯驻。 《隋书·炀帝纪》载：“帝性多诡谲...,阅读(3),0
解决食品安全问题，“人造食品”或是方向之一,2018年下半年，远在美国的喜欢吃肉的人吃得一点也不安心，8月至11月在美国集体暴发了沙门氏菌感染症，截至12月初已经有250人左右患病，很多患者都是因为食用了鲜牛肉加工商JBS USA的食品。 10月，JBS已经对旗下可能感染沙门氏菌的食品召回了690万磅，到12月4日JBS又...,阅读(6),1
“不肖子孙”并非指不孝顺的子孙,今人常常将“不肖”和“不孝”混用，“不肖子孙”因此也就理解为不孝顺的子孙。其实，“不肖”和不孝顺一丁点儿关系都没有。 《说文解字》：“肖，骨肉相似也。”什么叫“骨肉相似”？肉可见，骨不可见，因此“肖”这个字不仅形容外表的相似，更用以形容本质特点上的相似。许慎又说：“不似其先，故曰...,阅读(3),0
“辕门”原来是象征性的门,《史记·项羽本纪》：“于是已破秦军，项羽召见诸侯将，入辕门，无不膝行而前，莫敢仰视。”诸侯将领进入的“辕门”到底是什么门？ 原来，“辕门”并不是真的门，而只是一座象征性的门。 周代有掌舍一职，“掌王之会同之舍”，负责掌管天子与诸侯会见时的住处等事宜。《周礼》中记载有天子出行时住处...,阅读(3),0
树木会吞下指示牌吗？,不可思议，但这是真的！但树木对指示牌并没有任何胃口，也无法消化掉它们。 树木有时会被我们装饰上森林片区号码牌、方向指示牌或者路标这样的物体。 有时，树会把钉在身上的指示牌当作伤口来治疗。否则细菌就会趁机找到进入树木身体的大门，然后越过树皮的保护屏，从而攻击树木内部。 所有外来物都...,阅读(3),0
“集腋成裘”集的是狐狸的腋毛,“集腋成裘”是一个成语，字面意思是集了许多腋毛制成皮衣，比喻积少成多，集众资而成一事。“腋”指腋毛，而且在这个成语中专指狐狸的腋毛。 “集腋成裘”一语出自战国时期法家代表人物慎子所著《慎子》一书。在《知忠》篇中，慎子写道：“粹白之裘，盖非一狐之皮也。”在别的版本中，这句话也写作“...,阅读(3),1
小心，教育机器人别好心做坏事,近日，国内某品牌的教育机器人广告，成功引起了我的注意。在广告中，小孩子问了他爸爸几个问题，但他爸爸的回答都是要他去问机器人。 笔者带着好奇的心情，去翻了翻其他品牌的广告，80%以上的品牌在内容表达上基本一模一样，可这类教育机器人广告真的合适吗？ 别让机器人磨灭了孩子本性 之前在某...,阅读(6),0
“酒德”竟然是指酒后无德,今天人们聚会时，对那些酒后不乱性的人，总是夸赞一句“有酒德”，谓酒后有德。显然，“酒德”是一个褒义词。但是鲜为人知的是，这个词在最初使用的时候，竟然是一个地地道道的贬义词，意思是酒后无德！ 《尚书》中有一篇《无逸》，乃周公所作，告诫周王：“无若殷王受之迷乱，酗于酒德哉！”孔安国解...,阅读(4),3
“敛衽而拜”原来不是妇女的专利,旧小说或戏曲中常有女人“敛衽而拜”的描述，女人整理好衣襟，袅袅婷婷躬身下拜的视觉形象如在眼前，以至于后人误以为自古以来这就是中国女人的专利，殊不知在明代之前却恰恰相反，“敛衽而拜”，是男人的专利。 “敛衽而拜”语出《战国策·楚策》：“江乙说于安陵君曰：‘君无咫尺之地，骨肉之亲，处...,阅读(2),0
鸟吃的浆果，我们也可以吃吗？,不可以！鸟类和其他动物有能力吃下那些能让最强壮的运动员生病的果子。 试想一下，秋冬季节，大部分鸟类每天都会吞下各种浆果。女贞树有毒的黑色小球在乌鸫的菜谱里。致命的“主教帽”，又名欧洲卫矛是知更鸟的美食。 鸟类很可能没有和我们一样发达的味觉，因为它们的味蕾数量很少，一般只有30～7...,阅读(3),1
圣诞树桩蛋糕上的欧洲冬青可以吃吗？,不可以……它漂亮，有装饰作用，但也有毒。 你从它身边经过时不可能注意不到它。欧洲冬青叶子有刺，常绿，甚至在深冬里也是绿色。这种植物是分性别的。雄花从来不会长出鲜红色的闪亮小果。 在乡下，孩子们常玩儿欧洲冬青叶，他们小心翼翼地用拇指和食指捏着一片欧洲冬青叶，然后吹气，它转起来像一架...,阅读(3),0
“书信”原来指传递信札的人,今天的“书信”就是指寄出去的信函，由内文和信封两部分组成，贴上邮资，交付邮局寄出。但是“书信”最早却是指人，传递信札的人称作“书信”。 “信”是一个会意字，从人从言，会意为人口所言是真实的话，因此古时把携带符信或者传递信息的人叫作“信”。《越绝书》卷五载，大夫文种为越王勾践献策：...,阅读(3),0
“风靡”原来是形容厨刀太锋利,今天的成语和日常口语中都经常使用“风靡一时”这个词，形容着装、爱好等各种时尚在一个时期内非常流行。“靡”的本义是散乱、倒下，比如“望风披靡”是形容草木随风倒伏之态，“风靡”即风行，也是形容风吹倒草木的样子，引申而指竞相效仿和倾慕。但是，鲜为人知的是，“风靡”一词最初的用法却令人大...,阅读(2),0
“薪水”为何代指工资,即使是今天的人们，也常常用“薪水”一词代指工资。很多人不明白这个称谓，工资就是工资，跟柴和水有什么关系？这个称谓跟古代的俸禄制度密切相关。 “薪水”一词出现得很早，但最初的意思就是这个词的字面意思，即柴和水。柴和水是人们的日常必需品，打柴汲水又是人们的日常劳作，这就埋下了后世用“...,阅读(2),0
AI能送给视障人士一双“黑色的眼睛”吗？,被传唱一时的《你是我的眼》，其原唱者萧煌奇是一位视障人士，在失明的人生中，他一直保持乐观态度，热爱音乐与创作，一首以自己为原型的《你是我的眼》横空出世，给所有黑暗中的视障人士带来了鼓励与温暖。 你能想象吗？有一天，视障人士可能会深情款款地对AI唱起“你是我的眼/带我领略四季的变化...,阅读(6),0
“充耳不闻”的“充耳”原来是耳塞,“充耳不闻”这个成语，字面意思是塞住耳朵不听，形容专心致志以至于什么声音都听不见，或者形容故意不听，拒绝听取别人的意见。但是鲜为人知的是，“充耳”竟然是古时候耳塞的称谓！ 《诗经·淇奥》：“有匪君子，充耳琇莹，会弁如星。”《毛传》解释说：“充耳谓之瑱；琇莹，美石也。天子玉瑱，诸侯...,阅读(4),0
舔一下地衣会发生什么？,大多都苦得让你做鬼脸，不想再试第二次。 地衣（lichen）的名字来自希腊语，意为“舔”。这种奇怪的生物是藻类和真菌共生的成果。 前者借助光合作用转化太阳的光能，而后者提供水和无机盐。地衣的生长甚至还涉及第三个合作方，因为还存在着第三层：一种酵母，也就是说，一种菌类，它的作用还有...,阅读(5),0
真的有野生梨树吗？,在森林里，人们可能会遇到梨树和苹果树，但它们变得越来越罕见。 野生梨树更常出现在树林边缘而不是树林深处。如果没有人为干扰，梨树可以长到8～20米高，寿命超过300年。它带有细齿的小卵圆形叶挂在长茎——叶柄的顶端。有人为树叶涂了一层清漆吗？它们怎么会如此光亮！但别忘了它们的另一面。...,阅读(3),1
山毛榉的果子可以吃吗？,是的，我们可以享用它们和榛子味道有点像的果实，只要不大量吞食就好。 巨大的山毛榉树有着灰色光滑的树干，像大象的腿，每年秋天都会长出山毛榉果。这些干果里保护着2～4个果实，可以说是迷你的三角形板栗，有三面棱角。它们像刺猬一样带刺的“外包装”并不真的扎手，摆弄它们是没问题的。到时候，...,阅读(2),0
闻起来很香的蘑菇都能吃吗？,不是，绝对不是。有毒的蘑菇闻起来也很香。 在判断你收获的蘑菇是否能吃时，还需要了解其他的标准。首先，某些不能食用或者有毒的蘑菇是真的（字面意义上的）有异味。有着橙红色菌托的鹅膏菌闻起来像穿着不透气的鞋子长途跋涉之后的脚丫子的味道。马勃发出强烈的橡胶味，魔牛肝菌有着腐坏肉类的腐臭，...,阅读(2),0
哪种蘑菇可以当球踢？,马勃像一个球的形状。 马勃是很常见的菌菇，长得像高尔夫球，通常是白色的。但也有例外，大秃马勃可以长到足球大小。它圆圆的头实际上是盛满十几亿孢子的“袋子”，从外面将孢子保护起来。成熟之后，内部多产的马勃在外貌、气味和颜色上都有变化。白色的菌肉变成褐色或灰色的粉末，还带一点好闻的淡淡...,阅读(5),0
“乌贼”为何用“贼”来命名,乌贼又叫墨鱼，墨鱼的得名人尽皆知：它体内的囊状物能分泌黑色液体，遇到危险时放出，以掩护逃避，故称墨鱼。古人认为它分泌的黑色液体是腹中有墨，“怀墨而知礼”，文墨可为法则，故又称乌鲗，“鲗（zéi）”通“则”。因此古人又附会它是河神河伯的度事小吏，类似于文书。 乌贼还有一个有趣的别名...,阅读(3),1
思维移植会不会比“长生不老”更不靠谱？,人类对于长生不老总是有一种执念。从古时候的炼丹术，到现代社会的基因工程、冷冻人体等技术的发展，都体现了人们对长生的渴望。 人类要如何实现“长生不老”？除了现代科技提供的基因克隆的方案，美国人玛蒂娜还提出了“思维克隆人”的想法——以人们留在计算机和互联网中的数字痕迹（思维文件），包...,阅读(211),0
装饰着黑色弹丸的树是什么树？,这是一种刺柏。它会结出有香气的果实，如果你不害怕它的尖刺，就可以对它进行一些了解。 人们发现这种刺柏在北半球随处可见，欧洲、亚洲、北美洲……它的分布区域是所有松柏里最广阔的。尽管如此，它们不像云杉那样能够形成大片森林，而是低调地在这里或者那里分散着生长。 人们一般会看到它在阳光下...,阅读(10),0
树木的汁液可以喝吗？,虽然著名的加拿大枫树糖浆是个证据，但树木不是任何时候都会产生汁液的。 树液可以喝，但前提是选对含有树液的位置和树液丰富的季节。在法国，桦树的树液以利尿和促进细胞生长而闻名。几个世纪以前，它就已经在欧洲北部地区被人们广泛应用。 冬天刚过，天然树液被输送到树木的每根细枝、每个幼芽中，...,阅读(7),0
冷杉真的会流血吗？,不会，那是树脂。这种天然“绷带”流淌下来，会黏在针叶树的树干上。 我们都摸过冷杉，特别是在圣诞节时。在触摸冷杉时，不难发现树皮上有一种黏性物质。它会在我们的手上、衣服上留下痕迹。有香气的树脂具有防腐的特性，富含精油，防止树木受到感染或者外来入侵。一有割伤（即使是最小的伤口）、树枝...,阅读(4),0
谁吃掉了整个松球？,长着毛皮和羽毛的强盗觊觎着挤在松球里一个个鳞片下的果仁。 在这些强盗里，松鼠占据有利位置。秋天里，它乐此不疲地储藏榛子（之后它多半记不得藏在哪里了）；冬天里，它在云杉林里做“松球大盗”。 松鼠会舒服地在树枝上或者树桩上坐好，剥开松球，取出富含油脂的果实。几百片松球的鳞片散落在它最...,阅读(5),0
有没有毒牛肝菌？,有的。和可食用牛肝菌长相近似的牛肝菌并不是全都可以吃的。 牛肝菌很容易识别：顶在蘑菇“腿”上的帽子里藏着无数小管子，那是菌管，质地像海绵。牛肝菌家族不含有任何致命的毒素，但有些会不好消化。 比如红网牛肝菌、栗色圆孔牛肝菌和细网牛肝菌就属于这种情况。细网牛肝菌是牛肝菌里的“巨人”，...,阅读(3),2
毒蝇鹅膏菌真能杀死苍蝇吗？,不太准确。苍蝇落在漂亮的毒蝇鹅膏菌（又称毒蝇伞）上不会有任何危险，但毒蝇鹅膏菌里含有的成分可以杀虫，人们自中世纪开始，就使用由它做成的杀虫剂了。 这朵蘑菇太漂亮了！所有人看到它布满白点的红色小帽时都会赞叹。我们在动画片和儿童画册上总能看到它的身影。 鹅膏菌很美，也有毒，这可不是童...,阅读(4),3
蘑菇是怎么生长的？,蘑菇在土地里以纤维的形式，织出一张巨大的网。 在地面上露出的部分只是蘑菇的“繁殖器官”，它既无穷小又无穷大。实际上，蘑菇就在你脚下，藏在地面下几厘米深的泥土里。 这是叫作菌丝体的白色丝状体，每一段的直径都不超过0.01毫米。但只要单独一个菌就可以产生几十万千米的菌丝。这张巨大的地...,阅读(3),0
树木的新芽可以吃吗？,很明显，并不是全部的新芽都可以吃。你可以试试云杉的嫩芽，它含有维生素，会给你带来丰富的味觉感受。 在法国，树木的新芽通常都是可以食用的，但它们尝起来不全都是好吃的。3月或4月，树木体内的汁液重新开始循环，细枝恢复活力。你可以尝试刚刚萌芽出来的樱桃树叶、苹果树叶、榛树叶、山毛榉树叶...,阅读(4),4
哪种动物会大嚼树莓藤？,欧洲狍。对它来说，冬天里没什么能比一片鲜美的树莓叶更美味！ 鸟类、哺乳动物、昆虫……很多动物吃树莓，但很少有动物对这种植物剩下的部分感兴趣。虽说有些人也喜欢浸泡被称为树莓茶的干叶子，但还是欧洲狍这种野生食草动物更知道怎么欣赏这种漂亮的多刺灌木。 如果我们仔细查看树下或树篱，会很容...,阅读(4),0
怎样才能找到松露？,如果你有警犬一样的嗅觉，没有任何问题，如果没有…… 在大自然中认出松露是很难的。每年9月至次年2月，它们会在土里生长，就是在枯枝落叶层最上面几厘米的土壤中。它们有时候也在地面上露脸，但由于它们的颜色基本上都是黑色略带巧克力色的，要发现它们，只能祝你好运了！ 专家知道一些找到松露的...,阅读(2),0
哪种果子最有毒性？,在其颜色漂亮的外表下，紫杉的假种皮 包裹着一种致命的种子。 紫杉长着不扎人的针叶，是一种奇怪的杉树。它会结出鲜艳的小果，乍一看，这是一种橙色的小果。我们在自然界中要小心这种小果子。紫杉的每个浆果里都有单独的一个种子，种子含有二萜、紫衫碱和麻黄碱，令人生畏。这些使人猝死的毒素会使人...,阅读(5),0
闻起来很香的松树叫什么名字？,这就是珍贵的花旗松！只要搓搓它柔软的针叶，就能闻到令人愉悦的柠檬气味。 很多种树都能散发出令人愉悦的树脂香气，但只有一种树能够在你闻它的细枝时，散发出扑鼻的柠檬香，那就是花旗松。 花旗松在其故乡美国，可以长到110米的高度，它是由木材商人引进到欧洲的森林里的。它生长迅速，30年可...,阅读(2),1
娑罗子是板栗的丈夫吗？,这两个很不一样的“明星”应该不能长久相处。一个是有毒的，另一个却很美味。 栗子酱、栗子蜜饯、烤栗子……这些美食让人们口水直流。然而栗子这个名字被滥用了，它指的是用板栗做的甜品而不是娑罗子 。在植物学家看来，这两种果实大不相同。 栗子和娑罗子没什么关系，后者是不可食用的。栗子的果实...,阅读(2),0
野草莓可以吃吗？,它微酸的味道很可口，但最好做成水果挞或果酱再食用。 狐狸、猫和狗的洞可能生活着它们吃田鼠时带来的寄生虫。寄生虫在它们的肠子里产卵，这些卵会随着排泄物一起排出体外。 在吞掉被这些动物弄脏的草莓的同时，你可能染上绦虫病。不过也不必过于担忧，由于人类会让寄生链陷入僵局，我们十有八九是不...,阅读(3),0
怎么认出毒蘑菇？,画出典型毒蘑菇的画像是不可能的。然而，我们可以知道，有一种最毒的蘑菇是长着白色菌褶，还有菌环和菌托的。 从可食用的到有毒的，蘑菇种类非常丰富，人们无法画出有毒团伙特定的画像。让我们学习辨认几个冷酷无情的“罪犯首领”吧，它们在森林里很常见。鹅膏菌团伙每年都会将几个因它们而昏迷的人送...,阅读(3),0
哪里可以找到羊肚菌？,秋天里怎么找都是没用的，羊肚菌出现在4月。 变化莫测而又鲜美多汁的蘑菇不是随便什么地方都可以生长的。它需要偏石灰质或者沙质的土壤，但也需要和它一起生活的植物，它和这些植物在土壤里秘密地结合在一起。 羊肚菌喜欢白蜡树、云杉、苹果树和榛树的陪伴。而草本植物方面，它似乎更喜欢常青藤和黄...,阅读(3),2
山楂树的果子可以吃吗？,它们对我们的健康非常有益。但味道方面嘛，说实话，不是最好的。 山楂是山楂树鲜亮夺目的果子，可以装点秋天的树篱。我们必须承认，它红彤彤的颜色出现在我们面前，是很有诱惑力的。 山楂树既是小鸟们“官方的”食物储藏架，同时也为小鸟们提供住处。因为山楂树靠近树干的树枝间，覆满荆棘和尖刺，是...,阅读(4),0
灰喇叭菌的名字是怎么来的？,灰喇叭菌既不是幽灵，也不是死人，这种蘑菇得名于它在一年当中露出鼻头的时间，那是在诸圣节 的时候。 在法语里，灰喇叭菌被称为“死人的小号”，对于这种美味的食用菌来说很滑稽。灰喇叭菌在树下像地毯一样成片出现的时间正好是纪念逝者的节日，它因此而得名。这就是说，这种暗色的小喇叭——这是它...,阅读(3),0
哪种蘑菇最臭？,排行榜第一的位置无疑属于奇怪的白鬼笔。 林下灌木丛里飘浮着令人作呕的气味。是一只死掉的动物吗？不是，一只倾斜的蘑菇正在散发孢子的味道：它发出臭气，也因此而得名——发臭的林神。它发出的腐败臭味，有时在十几米之外都可以闻到，这对苍蝇起着诱惑的作用，因为对它们来说，这种味道就像最“香甜...,阅读(4),0
为什么这束堇菜没有气味？,有些种类的堇菜是完全闻不出味道的。 你把它放在鼻子底下摇晃也是白费：这朵娇嫩的花能制作糖果，但不会散发出任何香气。什么气味也没有，或者说微不足道！事实上，在春天的树林里，你可以用鼻子闻这种不带任何气味的、蓬乱的堇菜，也可以通过看它毛茸茸的茎来辨认。相反，还有一些堇菜散发着甜美的气...,阅读(5),0
卷缘齿菌的针扎人吗？,它很可能刺到你的好奇心，但不会扎人。 多漂亮的蘑菇，略带丝绒质感，发白的赭石色，短粗多肉，散发着水果的气味。 当我们近距离观察它时，我们可以看到令人惊叹的细节。不同于惯常的菌褶，卷缘齿菌的菌盖下覆盖着几百根“小针”，但没有一根是扎人的，它们太脆弱了。人们的手指一碰上去就会把“小针...,阅读(2),0
这种植物的红色浆果是糖果吗？,哎呀，哎呀，哎呀……千万不要把它们当成糖果啊！误食疆南星果实的人常常会创下中毒防治中心新的急救纪录。 几颗鲜艳的橙红色的小球，挂在又短又宽、高25～30厘米的茎上，总在夏秋季节吸引人们的注意。当人们走近斑叶疆南星时，不太可能看不到它。 恰恰是它可爱的颜色激发了小朋友的兴趣。小淘气...,阅读(3),0
树林里闻起来像大蒜的是什么？,是一种名叫熊葱（又名熊蒜）的草。 虽然也有一种小蟾蜍——合跗蟾也会发出蒜味，但它在森林里并不常见，而且人们必须要把鼻子凑到它身上才能闻出它的气味。在春天清新的林下灌木丛中弥漫的大蒜的气味，都源自熊葱这种植物。熊葱常在潮湿、有树荫的土地上长成一大片，像一大块地毯。 人们在远处就可以...,阅读(4),0
为什么野果往往是红色的？,这可以给鸟类传递清晰的信息：看到我，吃掉我，然后传播我的种子。 虽说浆果有各种颜色，但在法国，大多数浆果都是红色的，蓝黑色调的浆果也有不少，位居第二。 对昆虫来说，鲜艳的颜色，比如红色，意味着“小心，有毒”。但有些植物打定主意要利用花哨的颜色让动物发现藏在它们叶子中间的果子。红、...,阅读(4),0
为什么今年有很多橡子？,这是橡树的战略，为的是增加繁殖机会。 在秋天，人们有时会在树林里找到成千上万颗甚至几百万颗橡子。这是橡树在生产大量种子。 这些特别的橡子不全是要休眠的。春天，树木首先要积攒能量，以便开出大量花朵。然后，风会负责赶在任何一场骤雨到来之前，赶紧传送花粉，因为大雨会将花打落到地上。 无...,阅读(3),0
仙女环是有魔法的吗？,它们出现在树林里和草地上，没有任何超自然的力量。 人们相信中世纪时调皮的孩子和女巫留下了这些偶尔可以在森林里发现的蘑菇圈，这是他们和魔鬼共舞的痕迹。但仙女环真正的故事和这些人物没什么关系。 在地面上的某处，在没有仙女棒的作用下，一棵蘑菇从孢子开始成长，破土而出。大量孢子萌发形成菌...,阅读(4),0
黑刺李是一种李子吗？,黑刺李就是一种小个的、很普通的野李子。 秋天里，长着黑刺的树枝，也就是黑刺李树枝上，缀满了大量蓝紫色和深紫色的浆果，每个果子的直径有1厘米。黑刺李装饰着篱笆和树林的边缘。 黑刺李很好识别。如果你在采摘灌木里的小圆果子时，被3厘米长的刺刺破手指，这就是它，准没错。哎哟…… 现在，拿...,阅读(3),0
栎树叶上的这些小球是果子吗？,栎树叶上的虫瘿，也叫栎瘿，栎瘿不是一种生物。事实上，这是一个奇怪的植物孵化器，它掩护着一种迷你胡蜂的幼虫。 这种奇怪的球体，长在树叶表面，是昆虫蜇刺后引起的虫瘿。栎树的瘿蜂，体长3毫米左右，夏天时在树叶的叶脉上产卵：树木看起来像是忽然被一串黑客程序入侵了一样。 被产卵的树叶，再也...,阅读(3),0
常春藤的黑色小球可以吃吗？,不可以，而且一定不要吃！除非你想昏厥。 常春藤与其他植物不同：它全年都在生长，秋天开花，而果实只在冬末成熟。这对在冬天饿坏的鸟来说是意外收获。在冬天的几个月里，生活在法国的鸟儿们几乎没往嘴里放过什么其他的东西。 虽然乌鸫、斑鸫和莺吃常春藤小球状的果子没有任何问题，但对我们来说，就...,阅读(2),0
为什么黑莓会把手指染上颜色？,美味的黑莓里，充满了酸甜的汁水，也含有一种超浓的天然色素。 在散步过程中品尝黑莓是多么令人愉快的一件事啊！好吃的东西会很快让人发现。吃过黑莓之后，我们的手指、牙齿、舌头和嘴唇都会变成蓝紫色。这种染色在古希腊曾经非常时髦：女士们将压碎的黑莓当作口红涂在嘴唇上。花青素会让果子带有浓重...,阅读(4),0
为什么榛子上有一个洞？,在清空挤满东西的屋子后，一个囚徒会在果仁的外壳上钻个洞逃出来，它就是榛实象鼻虫。 春末，一只有趣的虫子用专业钻机一样的嘴悄悄地钻开一颗正在成长的榛子。随后它钻进榛子内部，直到果实的中心，为的是产下一颗卵。在榛子继续正常成熟的过程中，几乎不可能知道里面竟然有一个秘密的房客。 很快，...,阅读(2),0
蘑菇会运动吗？,蘑菇不用徒步旅行或者说用脚走路。它们是生产几百万孢子的冠军。 如果说苹果是苹果树的果子，蘑菇就是菌丝体地下纤维的果实。蘑菇通过生产被称为孢子的特殊的“小果实”使物种得以延续。孢子很微小，直径是1毫米的百分之一，以至于一个子实体，也就是蘑菇露出在地上的部分，可以生产几百万个孢子，甚...,阅读(2),0
为什么槲寄生的果实是黏黏的？,槲寄生的果子如果掉在地上就不能生存下去。因此，它能够分泌出强力胶，让果子固定在树上，这是其生存的必要条件。 在高高的树枝上，一种常绿的植物依靠树木生存，向四周生长，这就是槲寄生。它的浆果是一种罕见的白色或者黄色的球形浆果，像小月亮，出现在冬天。注意，虽然它们很漂亮，但是有毒。好吧...,阅读(2),0
美味牛肝菌只在波尔多生长吗？,当然不是。这种牛肝菌之王在很多地区的森林里都能找到。 “它们是那么美味，我的牛肝菌，它们是那么美味！”牛肝菌曾因大量出现在波尔多的市集里而得名“波尔多的牛肝菌”，翻译过来就是“美味牛肝菌”。英国国王爱德华一世在统治法国阿基坦地区时，他持续不断的美食需求，使这片地区的有些城市成为主...,阅读(2),0
可以尝一下接骨木的果实吗？,尝两到三颗生的接骨木浆果是可以的，但不能再多了，否则当心中毒。不过，煮熟的果子就是美味佳肴了。 在尝试果实之前，确定你是否能准确识别出接骨木，它的果实大部分是红色的，也有蓝色和黑色的。接骨木是一种灌木，坦白来讲，气味不是很让人愉悦。它的复叶由5片或7片小叶组成。树枝的内部是白色髓...,阅读(3),1
蔷薇果也让人脖子痒吗？,爱搞恶作剧的人很了解这种漂亮的野蔷薇果：它小小的挂钩不止会让屁股痒。 野蔷薇的果实多好看啊！人们把野蔷薇红色、椭圆形的浆果称为蔷薇果。它鲜艳的颜色在冬天里特别醒目。人们也叫它犬蔷薇花，但在乡村，它很多时候被叫作痒屁股。 顽童很熟悉蔷薇果，它长着恼人的微型钩子：为人熟知的致痒的细毛...,阅读(2),0
“角色”原来跟饮酒的等级有关,今天的“角色”一词，是指戏曲中演员专业分工的类别，比如生、旦、净、末、丑，或者指影视剧中所扮演的人物，或者指日常生活中某种类型的人物。这个称谓到底是怎么来的呢？ “角色”的“角”读作jué，是古代一种盛酒的酒器，用青铜制成，形状像爵但是没有爵上面的小柱和倾注酒的“流”，两尾对称叫...,阅读(1),0
让女性受尽了折磨的“肚子疼”，究竟有什么终极演化意义？,每年的5月至6月，药房的避孕药销量都会例行增加两至三成，达一年的销售顶峰。难道天气热了，大家的计生意识变强了？非也，这些药物的购买者多为高三女生，目的是抑制月经以免影响考试发挥。 虽然痛经不是什么大病，但经历过那种无可名状的痉挛或下坠感的人，都心有余悸。而在“大姨妈”造访的那几天...,阅读(4),8
“大红大紫”为何比喻显赫,“大红大紫”和“红得发紫”都是比喻人生显赫，如日中天，那么为什么不用别的颜色来形容，而非要用红色和紫色来形容呢？这跟中国古代对颜色的定义以及官服制度密切相关。 中国古代把颜色分为正色和间色两种，正色是指青、赤、黄、白、黑五种纯正的颜色，间色是指绀（gàn，红青色）、红（浅红色）、...,阅读(2),0
“入流”原来跟古代官制有关,今天人们的日常口语中有“入流”、“不入流”的说法，意思是达到或者没有达到某一档次、级别，比如说某人的言论不入流，即指言论档次低下。这两个日常俗语来源于古代的官制。 隋唐时期的官制有流内、流外之分，一品至九品官通称“流内”，九品以外通称“流外”。唐代著名史学家杜佑所著《通典·职官》...,阅读(2),1
“蛮夷戎狄”原来并非蔑称,蛮夷戎狄，是中原地区以华夏民族自居的诸国对边远少数民族的蔑称。春秋时期，齐晋等大国争霸，为了夺取霸主的地位，主持会盟期间，都打着尊王室、攘夷狄的旗号，挟天子以令诸侯。汉代以后，华夷之辨更成为统治者的正统观念，每当汉民族建立的政权遭受异族侵略时，总是以“尊王攘夷”相号召。 一直到晚...,阅读(5),6
AI为什么不能即兴作曲？,美国流行歌手Taryn Southern于2018年发表了一张名为I AM AI的新专辑，它成为人类历史上第一支正式发行的AI专辑。 主打单曲Break Free虽然达不到格莱美的标准，但是我们完全听不出它是由应用程序编曲的，它颠覆了普通人认为AI制作的歌曲会比较机械、没有情感的...,阅读(4),1
“刑不上大夫”原来是让大夫自杀,“礼不下庶人，刑不上大夫”，这是中国人耳熟能详的说法。人们通常把这句话理解为：礼仪不为平民百姓而制，刑罚不加之于大夫阶层。并因此而把这个观点作为儒家等级制度的罪证之一，认为儒家提倡的刑罚仅仅是针对平民百姓的，所谓王子犯法，并不与庶民同罪。这种理解属于彻头彻尾的误读，也是对儒家学说...,阅读(3),0
“天潢贵胄”为何比喻帝王或贵族的后裔,“天潢贵胄”这个成语不能用于皇室，只能用于皇族或者帝王、贵族的后裔。有人经常将这个成语误写为“天皇贵胄”，是因为不了解词义所致。那么，何为“贵胄”？何为“天潢”？ “贵胄”很容易理解。胄（zhòu）的本义是作战、护卫所用的头盔，帝王的侍卫必须选用皇族子弟来担任，后来也选用权贵子弟...,阅读(3),1
“高屋建瓴”的“瓴”是什么东西,《史记·高祖本纪》：“地势便利，其以下兵于诸侯，譬犹居高屋之上建瓴水也。”这是讲的关中一带的地形，后人从这句话中提炼出“高屋建瓴”这个成语，比喻居高临下、势不可挡的形势。那么，这个“瓴”到底是什么东西呢？ “瓴（líng）”有两个解释。其一，《说文解字》：“瓴，瓮，似瓶也。”这是...,阅读(1),0
“姘头”的称谓是怎么来的,今天的日常俗语中仍然有“姘头”的称谓，不是夫妻而发生性关系或同居的男女任何一方都可以称作“姘头”。这个粗俗的称谓是怎么来的呢？ 许慎在《说文解字》中引用汉代的法律：“齐人与妻婢奸曰姘。”齐人指平民，平民和妻子的婢女通奸叫“姘”。为什么会这样呢？段玉裁引《淮南子》高诱注说：“礼，士...,阅读(1),0
“遗孀”为何代指寡妇,在中国古代，关于寡妇的称谓很多，当然，最常用的还是“寡妇”一词。《小尔雅·广义》：“凡无妻无夫通谓之寡。”由此可见，女人无夫或丧夫，男人无妻或丧妻，都叫“寡”，后来才专指女人丧夫。 寡妇还有三种特异的称谓。 第一，遗孀。“孀”指寡妇始见于《淮南子·修务训》：“吊死问疾，以养孤孀。...,阅读(2),2
“内子”是对自己妻子的谦称,老辈人是绝对不会弄错“内子”这个称谓的，但是今天的人们就不一定了，比如说曾经有人把自己的儿子称作“内子”，还自以为谦谦然有君子之古风，孰不知大错而特错，直让人笑掉大牙。 “内子”是在人前对自己妻子的谦称。不过最早的时候却并非如此，这个称谓的演变饶有趣味。 最早的时候，“内子”这个...,阅读(1),0
“元宝”的“元”原来指改元,现在常说的“元宝”、“金元宝”等称谓，为何用“元”来命名，没有人能够说得清楚，甚至有人误解为圆形的钱币，大错而特错。其实，“元宝”之“元”，乃是指朝代、皇位更迭后所改的年号，或者皇帝任期内所改的年号，不仅今人不知，而且从唐代一直误用到了今天。 《旧唐书·食货志》将这种误用解释得清...,阅读(1),0
生男生女究竟由谁决定？ 远不止“X生女，Y生男”那么简单,“女人是男人身上的一根肋骨”。 一讨论到后代性别的决定因素，几乎所有人都将目光投向了女性。只要婴儿是从女性身上诞下，那么婴儿的性别就由女性决定。无论在中国还是外国，没生出男孩子都经常性地由女性“背锅”。而各种针对女性的“包生男”民间偏方，也有很多人相信，如“酸儿辣女”，认为多吃酸...,阅读(4),1
“电光石火”的“石火”乃是取火之法,“电光石火”这个成语比喻稍纵即逝。“电光”即闪电之光，闪电之光一闪即逝，因此可以用来比喻时间短暂，一刹那而已。但什么是“石火”？如果没有详细的了解，很容易将“电光石火”误读成“电光火石”，事实上日常生活中也确有人这样读。 “石火”当然是敲击石头迸发出来的火花，那么为什么非要用敲击...,阅读(3),0
“佩服”为何跟衣服有关,“佩服”是钦佩、信服之意，为什么能够表示这个义项呢？“服”是衣服，那么“佩”又是什么东西？两个字组合在一起为什么可以表示这个义项呢？ 东汉学者王充在《论衡·自纪篇》中有一段话极好地阐释了“佩服”一词的本义：“有美味于斯，俗人不嗜，狄牙甘食；有宝玉于是，俗人投之，卞和佩服。”狄牙是...,阅读(1),0
“天之骄子”原来是匈奴的自称,大约从1977年恢复高考制度之后，幸运考上大学的大学生们开始被社会称为“天之骄子”，到了上世纪80年代，这个称谓开始成为大学生的专用头衔。鲜为人知的是，在古代，“天之骄子”一词可不能随便乱用，而是有其固定所指。 “天之骄子”这一称谓最早出自匈奴首领狐鹿姑单于之口，时间远在公元前8...,阅读(2),3
现在的AI+教育，为什么培养出来的可能是“考试机器”？,2018年，品途商业评论发布了2017年AI领域投资盘点，其中教育领域的融资成绩十分显眼。VIPKID、Keeko、作业盒子等一大批公司获得了高额融资，乂学教育更是拿到了2.7亿元融资。在AI教育风吹起来的时候，我们不禁思考AI+教育，究竟会带来什么变化？ 现阶段的AI+教育，不...,阅读(4),0
“不齿”的“齿”原来是排座次,“不齿”表示极端鄙视，为什么用牙齿的“齿”来表达这个意思呢？“不齿”最初的词义又是什么呢？ 《释名·释形体》：“齿，始也，少长之别始乎此也，以齿食多者长也，食少者幼也。”“齿”因此引申用来指人的年龄，比如年齿就是年龄，齿列是按照年龄排列，“不齿”的本义也就是不按照年龄排座次前后，...,阅读(2),0
“糟蹋”竟然是遭水獭之祸,“糟蹋”一词有多种不同的写法，比如还可以写作糟踏、蹧蹋、蹧踏、糟塌、遭塌等。因为用字的不确定，说明“蹧蹋”一词的语源极有可能是同音词的音讹所致。果然，据清人翟颢所著《通俗编》记载：“今谓被侵渔曰遭踏，应作獭。”“侵渔”意为侵夺，从中侵吞牟利。相应的，“俗谓侵渔为作獭也”。 由南唐...,阅读(1),0
“三魂七魄”是哪三魂哪七魄,道家有“三魂七魄”之说，后来沿用为民间的日常俗语，比如形容一个人遇到极其恐怖的事情时，三魂七魄都吓丢了。那么，到底是哪“三魂”哪“七魄”呢？ 《说文解字》：“魂，阳气也。”“魄，阴神也。”《左传·昭公七年》说得更清楚：“人生始化曰魄，既生魄，阳曰魂。”意思是人一生下来就具有了“魄...,阅读(1),0
AI是如何揪出“网络钓鱼者”的？,许多苹果手机用户都反映自己的iMessage经常收到垃圾信息。但是由于苹果公司一贯尊重用户的隐私，它在服务器端无权也从来不读取用户发送的信息内容，当然就更谈不上通过内容对用户信息进行监管过滤了。 目前，iMessage所收到的垃圾信息多数是广告，诱导用户下载App。但还有一类比打...,阅读(4),0
“在下”竟然是裹腿布,“在下”是用于自称的谦词，但这个词的词源却从未搞清楚过。大部分辞典都解释为古时饮宴等场合的坐席，尊者在上，卑者在下，故用作自谦。台湾出的辞典则解释为“称自己处于下贱的职位”。这些解释都缺乏有力的文献支持，要么属于臆测，要么属于引申义。 其实，“在下”一词出自《诗经》，而且跟古人的...,阅读(2),0
“尚方宝剑”的“尚方”原来是官署名,“尚方宝剑”也可以写作“上方宝剑”、“尚方剑”、“上方剑”。古代小说和戏曲、今天的古装戏中都常常能够见到这一称谓，皇帝赐给钦差大臣一柄“尚方宝剑”，如同赐予了皇帝本人的权力，可以先斩后奏，其威慑力令贪官们闻风丧胆。那么，“尚方”到底是什么东西？为什么称作“尚方宝剑”呢？ 原来，“...,阅读(1),1
“模棱两可”原来是讽刺唐朝宰相苏味道,“模棱”是含糊，不明确；“两可”指可以这样，也可以那样。“模棱两可”的意思就是指遇事不置可否，态度含糊，不表示明确的态度，也没有明确的主张。 这个成语出自武则天时期的宰相苏味道。苏味道也是一位著名诗人，“火树银花”这个成语就出自他的《正月十五夜》一诗：“火树银花合，星桥铁锁开。”...,阅读(1),0
机器心理学家为什么可能会是人类最后一个职业？,《我，机器人》是美国著名科幻作家艾萨克·阿西莫夫一生中最重要的一部中短篇科幻小说。小说描绘了机器人的智能水平在经历了一步步发展之后，最终“挺立于人类与毁灭之间”。更重要的是，小说中不但有机器人，还有机器人心理学家苏珊·凯文。 在实际工作中，机器人会出现各种各样的意外状况——这也是...,阅读(10),0
头骨化石失踪的北京人，真不是你的祖先,对于人类起源于非洲的说法，很多人在情感上仍无法接受。毕竟过去我们一直认为自己的祖先是“北京人”。至此，仍有不少学者认为人类是多地起源的，相互间有基因交流。但很抱歉，那个头盖骨失踪的“北京人”，真不是我们的祖先。那么，“北京人”头骨考古挖掘研究的前后历经了哪些辛酸的往事呢？ 192...,阅读(6),1
“媒妁之言”的“媒妁”指什么,《孟子·滕文公下》：“丈夫生而愿为之有室，女子生而愿为之有家。父母之心，人皆有之。不待父母之命，媒妁之言，钻穴隙相窥，逾墙相从，则父母国人皆贱之。”不等父母的意见和媒人的说合，就钻洞互相偷看，翻墙私会，那么父母、国人都会看不起。 人人都知道“媒妁之言”是指媒人来撮合，但到底什么是...,阅读(6),0
“靡靡之音”原来特指亡国之音,今天的各种辞典都把“靡靡之音”解释为颓废、低级趣味的音乐。“靡靡”是柔弱、萎靡不振的样子。但是，这个成语最初的意思却严重得多，乃是亡国之音。 《韩非子·十过》篇中记载并描述了这种“靡靡之音”，顺带也描述了其他几种音乐，从中可以看到在古人的心目中，音乐和德行、政治都有莫大的联系。 ...,阅读(1),0
“开先河”为什么要以河为先,“开先河”、“首开先河”都是比喻起倡导作用的事物。为什么“先河”要以河为先呢？相信很多人都不清楚。 “先河”一词原来跟古代帝王祭祀百川的制度有关。《礼记·学记》中如此解释：“三王之祭川也，皆先河而后海，或源也，或委也。此之谓务本。”三王指夏、商、周三代之君。郑玄说：“源，泉所出也...,阅读(1),0
“急急如律令”原来是汉代公文用语,道教的咒语或者符箓，结尾处常常用一句“急急如律令”，勒令鬼神按照符令执行。今天的人们仍然耳熟能详。“律令”毫无疑问是指法令，本来施之于人，怎么转而施之于鬼神了呢？ 宋人赵彦卫所著《云麓漫钞》中说：“急急如律令，汉之公移常语，犹今云‘符到奉行’。张天师汉人，故承用之，而道家遂得祖述...,阅读(2),0
猪脸识别为什么比人脸识别更有趣？,由于猪是多胎生动物，因此它们的长相十分相似。如图所示的是干净的小猪，人们勉强能区分出它们。在实际生活中，猪受生活环境等影响，很难识别。要实现个体化管理，首先要把它们辨认出来。 2018年3月，中山大学教授陈瑶生发布了“猪脸识别”技术，旨在攻破这一生物活体识别技术。我们曾定义“兽工...,阅读(12),2
“谥号”不可能生前就有,“谥号”是中国文化特有的现象，比如东汉末帝刘协的谥号是孝献皇帝，诸葛亮的谥号是忠武侯，岳飞的谥号是武穆。《说文解字》：“谥，行之迹也。”即一生行迹的汇总评价。那么，一个人不可能生前就有“谥号”。但是在有的古装电视剧中，竟然可以当面称呼刘协为献帝，当面称呼诸葛亮为武侯！在某些文学作...,阅读(6),0
“大快朵颐”为何形容大饱口福,“大快朵颐”没有收入成语词典，但是在报刊和书籍中的使用率却非常高，意思就是大饱口福，痛痛快快地吃一顿。其中“朵”和“颐”两个字非常有意思，而且这两个字结合在一起的情形更加好玩。 《说文解字》：“朵，树木垂朵朵也。”朵是一个象形字，下面是“木”，上面像花实的形状，因此又可释义为树木...,阅读(6),0
“灵柩”不是棺材,“灵柩”乃古语，今天的口语中已经很少使用，但是在丧葬的庄重场合，书面语中还常常使用。试想一下，埋葬亲人或者有身份的人，讣告或者报章中如果使用“棺材”一词，那是多么煞风景的事，而且也是对死者的大不敬。于是就有人附庸风雅，赚到钱之后，打算重新安葬祖辈，要为祖辈换一副上好的“灵柩”。这...,阅读(3),0
“老死牖下”为何代指善终,《左传·哀公二年》：“简子巡列，曰：‘毕万，匹夫也，七战皆获，有马百乘，死于牖下。群子勉之，死不在寇。”这是晋国和郑国开战前夕，晋国的国卿赵简子巡视军队，拿普通人毕万为例，说他虽是一个匹夫，但是跟随晋献公征战，七战都有功，被封为拥有百乘之地的卿，而且“死于牖下”。赵简子鼓励将士们...,阅读(3),0
面部识别和语音助手加持，AR眼镜为什么没人要？,在极具科技感的概念赚足了眼球后，AR眼镜的消费级市场之路一直没有太多实质性进展。事实上，包括谷歌、微软在内的各大厂商在AR眼镜的创新上从未停止脚步，但不得不说消费级AR眼镜仍然处于概念阶段，对大多数普通消费者来说还有点遥远。 在CES 2018上，来自中国的“小厂商”Rokid公...,阅读(6),1
“张冠李戴”的“张”、“李”到底指谁,把姓张的人的帽子戴到了姓李的人头上，这叫作“张冠李戴”，比喻认错了对象或者弄错了事实。为什么非得拿姓张、姓李的人来说事呢？各种辞书都没有解释清楚，仅仅举了一些例子，比如明人田艺蘅所著《留青日札》中有一篇《张公帽赋》：“谚云：‘张公帽掇在李公头上。’有人作赋云：‘物各有主，貌贵相宜...,阅读(4),0
“犀牛望月”为何比喻长久盼望,中国民间有“日头落水落西方，犀牛望月姐望郎”的歌谣，“姐望郎”显然是盼望郎来，“犀牛望月”为什么能够跟“姐望郎”联系起来呢？这跟古代中国对犀牛的认识和传说密切相关。 托名为周代函谷关名喜的令尹所著的《关尹子》一书中记载了“犀牛望月”的传说：“譬如犀牛望月，月形入角，特因识生，始有...,阅读(3),2
“望洋兴叹”的“望洋”竟然是一种眼病,当无力完成一件事情或者追赶不上的时候，人人都会感叹上一句“望洋兴叹”。这个成语的字面意义是如此显豁，以至于人们一看到它，理所当然地就会认为是远远地望着海洋而叹息的意思。殊不知大错而特错！看完本文，了解了“望洋兴叹”的本来含义，相信你定会深感震惊！ 众所周知，“望洋兴叹”这个成语出...,阅读(3),1
